date,source,title,description,text,url
2026-08-24,The Times of India,"Gold rate today (August 24, 2026): Check 24k, 22k, 20k, 18k gold jewellery prices from Malabar Gold & Diamonds, Joyalukkas, Kalyan Jewellers, Tanishq & IBJA in Delhi, Mumbai, Hyderabad & more cities","On August 24, 2026, the price of 22k gold jewellery experienced a notable rise, with Tanishq pricing it at Rs 15,075 per gram nationwide. Competing brands like Malabar and Kalyan also reported increased rates. Additionally, IBJA provided the latest silver pri…","Gold rate today (August 24, 2026): Check 24k, 22k, 20k, 18k gold jewellery prices from Malabar Gold & Diamonds, Joyalukkas, Kalyan Jewellers, Tanishq & IBJA in Delhi, Mumbai, Hyderabad & more cities. On August 24, 2026, the price of 22k gold jewellery experienced a notable rise, with Tanishq pricing it at Rs 15,075 per gram nationwide. Competing brands like Malabar and Kalyan also reported increased rates. Additionally, IBJA provided the latest silver pri…",https://economictimes.indiatimes.com/wealth/invest/gold-rate-today-august-24-2026-check-24k-22k-20k-18k-gold-jewellery-prices-from-malabar-gold-diamonds-joyalukkas-kalyan-jewellers-tanishq-ibja-in-delhi-mumbai-hyderabad-more-cities/articleshow/133459204.cms
2026-08-24,Biztoc.com,Gold Rises; Appeal Grows Amid Uneasy U.S. Fiscal Outlook,"Gold rose in Asian trade. The yellow metal has rebounded sharply from July lows, supported by renewed investment demand and growing unease over the U.S. fiscal outlook, ING said.","Gold Rises; Appeal Grows Amid Uneasy U.S. Fiscal Outlook. Gold rose in Asian trade. The yellow metal has rebounded sharply from July lows, supported by renewed investment demand and growing unease over the U.S. fiscal outlook, ING said.",https://biztoc.com/x/2c2fb4090ed053c9
2026-08-24,The Times of India,"Augmont Enterprises IPO Day 2: GMP jumps to 48%, issue subscribed 2.74x — Should you subscribe?","Augmont Enterprises IPO entered its second day with strong demand, reaching 2.74 times subscription on Day 1. GMP climbed to 48%, indicating potential listing gains. The Rs 825 crore issue benefits from an integrated gold and silver ecosystem, strong financia…","Augmont Enterprises IPO Day 2: GMP jumps to 48%, issue subscribed 2.74x — Should you subscribe?. Augmont Enterprises IPO entered its second day with strong demand, reaching 2.74 times subscription on Day 1. GMP climbed to 48%, indicating potential listing gains. The Rs 825 crore issue benefits from an integrated gold and silver ecosystem, strong financia…",https://economictimes.indiatimes.com/markets/ipos/fpos/augmont-enterprises-ipo-day-2-gmp-jumps-to-48-issue-subscribed-2-74x-should-you-subscribe/articleshow/133450931.cms
2026-08-24,The Times of India,"Gold prices rise Rs 8,200/10g in 4 days; silver falls Rs 1,800/kg ahead of US inflation data. Buy, sell or hold?","Gold extended its winning streak on MCX, rising for a fourth straight session, while silver snapped a three-day rally as investors tracked the dollar and awaited key US inflation data and Federal Reserve Chair Kevin Warsh’s speech. Analysts expect precious me…","Gold prices rise Rs 8,200/10g in 4 days; silver falls Rs 1,800/kg ahead of US inflation data. Buy, sell or hold?. Gold extended its winning streak on MCX, rising for a fourth straight session, while silver snapped a three-day rally as investors tracked the dollar and awaited key US inflation data and Federal Reserve Chair Kevin Warsh’s speech. Analysts expect precious me…",https://economictimes.indiatimes.com/markets/commodities/news/gold-prices-rise-rs-8200/10g-in-4-days-silver-falls-rs-1800/kg-ahead-of-us-inflation-data-buy-sell-or-hold/articleshow/133450787.cms
2026-08-24,Khabarhub.com,"Gold price up by Rs 3,200 per tola in Nepali market","KATHMANDU: The price of gold has increased by Rs 3,200 per tola today, following a rise of Rs 15,400 over the past three days. According to the Federation of Nepal Gold and Silver Dealers, the price of gold has reached Rs 322,700 per tola today. The price of …","Gold price up by Rs 3,200 per tola in Nepali market. KATHMANDU: The price of gold has increased by Rs 3,200 per tola today, following a rise of Rs 15,400 over the past three days. According to the Federation of Nepal Gold and Silver Dealers, the price of gold has reached Rs 322,700 per tola today. The price of …",https://english.khabarhub.com/2026/24/564611/
2026-08-24,Business Standard,"Gold correction, not collapse: Why Vallum sees another big rally ahead",Gold vs debt: Why Vallum says the metal's biggest trade is only reopening,"Gold correction, not collapse: Why Vallum sees another big rally ahead. Gold vs debt: Why Vallum says the metal's biggest trade is only reopening",https://www.business-standard.com/finance/personal-finance/gold-correction-not-collapse-why-vallum-sees-another-big-rally-ahead-126082400323_1.html
2026-08-24,The Straits Times,"Gold hits over 3-month high ahead of US inflation data, Fed chair speech","Spot gold was up 0.9 per cent at US$4,643.63 per ounce. Read more at straitstimes.com. Read more at straitstimes.com.","Gold hits over 3-month high ahead of US inflation data, Fed chair speech. Spot gold was up 0.9 per cent at US$4,643.63 per ounce. Read more at straitstimes.com. Read more at straitstimes.com.",https://www.straitstimes.com/business/gold-hits-over-3-month-high-ahead-of-us-inflation-data-fed-chair-speech
2026-08-24,The Times of India,"Muthoot Finance, Manappuram Finance shares rally up to 11% in 4 days as gold crosses Rs 1.63 lakh","Gold loan stocks Muthoot Finance, Manappuram Finance and IIFL Finance gained sharply as gold prices climbed on a weaker dollar and liquidity support from the US Treasury. Investors are watching US inflation data and Fed signals at Jackson Hole. Rising gold pr…","Muthoot Finance, Manappuram Finance shares rally up to 11% in 4 days as gold crosses Rs 1.63 lakh. Gold loan stocks Muthoot Finance, Manappuram Finance and IIFL Finance gained sharply as gold prices climbed on a weaker dollar and liquidity support from the US Treasury. Investors are watching US inflation data and Fed signals at Jackson Hole. Rising gold pr…",https://economictimes.indiatimes.com/markets/stocks/news/muthoot-finance-manappuram-finance-shares-rally-up-to-11-in-4-days-as-gold-crosses-rs-1-63-lakh/articleshow/133455929.cms
2026-08-24,The Daily Hodl,"Fed Study Shows Crypto Investors Driven by Extreme Optimism – Unlike Stock, Bond or Gold Holders","A Cleveland Fed working paper finds US crypto holders are young, male, and libertarian-leaning, expecting far higher returns than non-holders, with price info boosting their actual purchases.
The post Fed Study Shows Crypto Investors Driven by Extreme Optimis…","Fed Study Shows Crypto Investors Driven by Extreme Optimism – Unlike Stock, Bond or Gold Holders. A Cleveland Fed working paper finds US crypto holders are young, male, and libertarian-leaning, expecting far higher returns than non-holders, with price info boosting their actual purchases.
The post Fed Study Shows Crypto Investors Driven by Extreme Optimis…",https://dailyhodl.com/2026/08/24/fed-study-shows-crypto-investors-driven-by-extreme-optimism-unlike-stock-bond-or-gold-holders/
2026-08-24,The Times of India,"Gold price prediction today: Worst of gold price dips over? Check outlook for August 24, 2026 week","Gold price prediction today: Looking ahead, market participants will closely monitor further developments in US Treasury operations, fiscal policy discussions, and upcoming economic data releases, which are expected to remain key drivers for gold prices in th…","Gold price prediction today: Worst of gold price dips over? Check outlook for August 24, 2026 week. Gold price prediction today: Looking ahead, market participants will closely monitor further developments in US Treasury operations, fiscal policy discussions, and upcoming economic data releases, which are expected to remain key drivers for gold prices in th…",https://timesofindia.indiatimes.com/business/india-business/gold-price-prediction-today-what-is-the-gold-rate-outlook-for-august-24-2026-week-should-you-buy-or-sell-mcx-gold-us-iran-war-middle-east/articleshow/133453711.cms
2026-08-24,Crypto Briefing,"Gold futures surge past $4,700/oz, signaling economic fears","Gold's surge reflects deep economic uncertainty, prompting shifts in investment strategies and highlighting vulnerabilities in fiscal policies.
The post Gold futures surge past $4,700/oz, signaling economic fears appeared first on Crypto Briefing.","Gold futures surge past $4,700/oz, signaling economic fears. Gold's surge reflects deep economic uncertainty, prompting shifts in investment strategies and highlighting vulnerabilities in fiscal policies.
The post Gold futures surge past $4,700/oz, signaling economic fears appeared first on Crypto Briefing.",https://cryptobriefing.com/gold-futures-surge-past-4700-economic-fears/
2026-08-24,Crypto Briefing,"China reportedly increases gold reserves by 88 tonnes, reaching 2,366 tonnes total","China's increased gold reserves may drive up global gold prices, influencing economic strategies amid geopolitical and market uncertainties.
The post China reportedly increases gold reserves by 88 tonnes, reaching 2,366 tonnes total appeared first on Crypto B…","China reportedly increases gold reserves by 88 tonnes, reaching 2,366 tonnes total. China's increased gold reserves may drive up global gold prices, influencing economic strategies amid geopolitical and market uncertainties.
The post China reportedly increases gold reserves by 88 tonnes, reaching 2,366 tonnes total appeared first on Crypto B…",https://cryptobriefing.com/china-reportedly-increases-gold-reserves-by-88-tonnes-reaching-2366-tonnes-total/
2026-08-24,The Times of India,"Gold hits over three-month high ahead of US inflation data, Fed chair speech","Gold prices have surged to a three-month high, driven by investor anticipation for upcoming US inflation data. The speech by Federal Reserve Chair Kevin Warsh is also a focal point, likely influencing interest rate outlooks. Furthermore, Poland's central bank…","Gold hits over three-month high ahead of US inflation data, Fed chair speech. Gold prices have surged to a three-month high, driven by investor anticipation for upcoming US inflation data. The speech by Federal Reserve Chair Kevin Warsh is also a focal point, likely influencing interest rate outlooks. Furthermore, Poland's central bank…",https://economictimes.indiatimes.com/markets/commodities/news/gold-hits-over-three-month-high-ahead-of-us-inflation-data-fed-chair-speech/articleshow/133449285.cms
2026-08-24,Crypto Briefing,Fidelity doubles gold holdings amid Fed policy uncertainty,"Fidelity's increased gold holdings highlight market anxiety over Fed policy, potentially influencing investment strategies and economic stability.
The post Fidelity doubles gold holdings amid Fed policy uncertainty appeared first on Crypto Briefing.","Fidelity doubles gold holdings amid Fed policy uncertainty. Fidelity's increased gold holdings highlight market anxiety over Fed policy, potentially influencing investment strategies and economic stability.
The post Fidelity doubles gold holdings amid Fed policy uncertainty appeared first on Crypto Briefing.",https://cryptobriefing.com/fidelity-doubles-gold-holdings-amid-fed-policy-uncertainty/
2026-08-24,Crypto Briefing,Gold approaches three-month high as US Treasury intervenes in bond market,"The Treasury's intervention may offer short-term relief but highlights deeper fiscal challenges, potentially impacting future economic stability.
The post Gold approaches three-month high as US Treasury intervenes in bond market appeared first on Crypto Brief…","Gold approaches three-month high as US Treasury intervenes in bond market. The Treasury's intervention may offer short-term relief but highlights deeper fiscal challenges, potentially impacting future economic stability.
The post Gold approaches three-month high as US Treasury intervenes in bond market appeared first on Crypto Brief…",https://cryptobriefing.com/gold-three-month-high-treasury-bond-buyback/
2026-08-24,TheStreet,"Gold, silver rally off ugly crash, but investors remain on edge","Precious metals are surging off summer lows, but inflation risks and upcoming Fed cues keep the rally tentative.","Gold, silver rally off ugly crash, but investors remain on edge. Precious metals are surging off summer lows, but inflation risks and upcoming Fed cues keep the rally tentative.",https://www.thestreet.com/economy/how-long-can-gold-and-silver-price-rebound-last
2026-08-24,Livemint,Indian jewellers roll out cash-for-gold schemes ahead of festive season,"As the festive season approaches, companies are optimistic about increasing demand despite previous purchasing hesitations due to elevated prices.","Indian jewellers roll out cash-for-gold schemes ahead of festive season. As the festive season approaches, companies are optimistic about increasing demand despite previous purchasing hesitations due to elevated prices.",https://www.livemint.com/industry/indian-jewellers-roll-out-cash-for-gold-schemes-ahead-of-festive-season-11787466783204.html
2026-08-24,Business Standard,"Gold crosses $4,700 on Comex; silver trades above $69 amid US bond buybacks","In the global market, gold was trading near $4,700 per ounce on Comex, while silver was around $69 per ounce","Gold crosses $4,700 on Comex; silver trades above $69 amid US bond buybacks. In the global market, gold was trading near $4,700 per ounce on Comex, while silver was around $69 per ounce",https://www.business-standard.com/markets/news/gold-crosses-4-700-on-comex-silver-trades-above-69-amid-us-bond-buybacks-126082400155_1.html
2026-08-24,Livemint,"Gold, silver prices today, 24 August: Check retail rates of 24K, 22K gold, 999 silver in Delhi, Mumbai and Kolkata","Gold and silver prices today, 24 August: Check the latest 24K, 22K gold and 999 silver retail rates across Delhi, Mumbai, Kolkata and other major Indian cities, along with MCX market updates.","Gold, silver prices today, 24 August: Check retail rates of 24K, 22K gold, 999 silver in Delhi, Mumbai and Kolkata. Gold and silver prices today, 24 August: Check the latest 24K, 22K gold and 999 silver retail rates across Delhi, Mumbai, Kolkata and other major Indian cities, along with MCX market updates.",https://www.livemint.com/money/personal-finance/gold-silver-prices-today-24-august-check-retail-rates-of-24k-22k-gold-999-silver-in-delhi-mumbai-and-kolkata-11787539214526.html
2026-08-24,Crypto Briefing,Fidelity portfolio manager plans to rebuild gold holdings amid Fed uncertainty,"Fidelity's gold strategy highlights growing investor caution and potential shifts in asset allocation amid monetary policy uncertainties.
The post Fidelity portfolio manager plans to rebuild gold holdings amid Fed uncertainty appeared first on Crypto Briefing.","Fidelity portfolio manager plans to rebuild gold holdings amid Fed uncertainty. Fidelity's gold strategy highlights growing investor caution and potential shifts in asset allocation amid monetary policy uncertainties.
The post Fidelity portfolio manager plans to rebuild gold holdings amid Fed uncertainty appeared first on Crypto Briefing.",https://cryptobriefing.com/fidelity-doubles-gold-holdings-fed-uncertainty/
2026-08-23,Khabarhub.com,"Gold price up by Rs 2,800 per tola today","KATHMANDU: The price of gold has increased in the local market today, while the price of silver has declined. The price of gold has increased by Rs 2,800 per tola, while silver has decreased by Rs 10 per tola. According to the Federation of Nepal Gold and Sil…","Gold price up by Rs 2,800 per tola today. KATHMANDU: The price of gold has increased in the local market today, while the price of silver has declined. The price of gold has increased by Rs 2,800 per tola, while silver has decreased by Rs 10 per tola. According to the Federation of Nepal Gold and Sil…",https://english.khabarhub.com/2026/23/564479/
2026-08-23,BusinessLine,"Gold, silver prices to rally this week: Here’s what analysts say","Bullion prices are poised for growth next week as traders anticipate US inflation data and Fed signals, analysts say.","Gold, silver prices to rally this week: Here’s what analysts say. Bullion prices are poised for growth next week as traders anticipate US inflation data and Fed signals, analysts say.",https://www.thehindubusinessline.com/markets/gold/gold-silver-prices-to-rally-this-week-heres-what-analysts-say/article71380658.ece
2026-08-23,Crypto Briefing,US Treasury bond intervention struggles as yields rebound,"The Treasury's intervention challenges highlight potential economic instability, prompting increased interest in gold as a safe haven asset.
The post US Treasury bond intervention struggles as yields rebound appeared first on Crypto Briefing.","US Treasury bond intervention struggles as yields rebound. The Treasury's intervention challenges highlight potential economic instability, prompting increased interest in gold as a safe haven asset.
The post US Treasury bond intervention struggles as yields rebound appeared first on Crypto Briefing.",https://cryptobriefing.com/us-treasury-bond-intervention-struggles-as-yields-rebound/
2026-08-23,Business Standard,"Bullion may shine next week as traders await US inflation data, Fed signals","Gold and silver prices are expected to retain their upward momentum next week, though profit-booking at higher levels may temper the rally as investors await key US inflation data, analysts said.
US Core Personal Consumption Expenditures (PCE) inflation and G…","Bullion may shine next week as traders await US inflation data, Fed signals. Gold and silver prices are expected to retain their upward momentum next week, though profit-booking at higher levels may temper the rally as investors await key US inflation data, analysts said.
US Core Personal Consumption Expenditures (PCE) inflation and G…",https://www.business-standard.com/markets/commodities/bullion-may-shine-next-week-as-traders-await-us-inflation-data-fed-signals-126082300295_1.html
2026-08-23,Economictimes.com,A 70:30 strategy could help investors balance gold and silver exposure: Tata Mutual Fund,"Tata Mutual Fund recommends a 70:30 strategic allocation between gold and silver for investors looking to balance stability with growth. The fund house remains bullish on both precious metals over the medium to long term, preferring a higher weight to gold fo…","A 70:30 strategy could help investors balance gold and silver exposure: Tata Mutual Fund. Tata Mutual Fund recommends a 70:30 strategic allocation between gold and silver for investors looking to balance stability with growth. The fund house remains bullish on both precious metals over the medium to long term, preferring a higher weight to gold fo…",https://m.economictimes.com/mf/analysis/a-7030-strategy-could-help-investors-balance-gold-and-silver-exposure-tata-mutual-fund/articleshow/133434410.cms
2026-08-23,The Times of India,How bitcoin and gold went from a slump to an MVP week in just a few days,"Bitcoin had dropped from a January high of around $95,000 to below $60,000 at the end of June. Investors shied away from speculative assets earlier in the year and crypto supporters were concerned about the lack of movement on proposed regulation of the indus…","How bitcoin and gold went from a slump to an MVP week in just a few days. Bitcoin had dropped from a January high of around $95,000 to below $60,000 at the end of June. Investors shied away from speculative assets earlier in the year and crypto supporters were concerned about the lack of movement on proposed regulation of the indus…",https://economictimes.indiatimes.com/markets/cryptocurrency/how-bitcoin-and-gold-went-from-a-slump-to-an-mvp-week-in-just-a-few-days/articleshow/133434294.cms
2026-08-23,Crypto Briefing,Gold call-option demand hits 6-month high amid elevated prices: Barchart,"Rising gold call-option demand signals investor optimism for future price increases, potentially impacting market strategies and economic forecasts.
The post Gold call-option demand hits 6-month high amid elevated prices: Barchart appeared first on Crypto Bri…","Gold call-option demand hits 6-month high amid elevated prices: Barchart. Rising gold call-option demand signals investor optimism for future price increases, potentially impacting market strategies and economic forecasts.
The post Gold call-option demand hits 6-month high amid elevated prices: Barchart appeared first on Crypto Bri…",https://cryptobriefing.com/gold-call-option-demand-hits-6-month-high-amid-elevated-prices-barchart/
2026-08-23,Crypto Briefing,"China buys 40 tonnes of gold in June, second-largest since early 2025","China's sustained gold purchases may bolster its strategic reserves, influencing global market dynamics and future gold price expectations.
The post China buys 40 tonnes of gold in June, second-largest since early 2025 appeared first on Crypto Briefing.","China buys 40 tonnes of gold in June, second-largest since early 2025. China's sustained gold purchases may bolster its strategic reserves, influencing global market dynamics and future gold price expectations.
The post China buys 40 tonnes of gold in June, second-largest since early 2025 appeared first on Crypto Briefing.",https://cryptobriefing.com/china-buys-40-tonnes-of-gold-in-june-second-largest-since-early-2025/
2026-08-23,Livemint,"Women investors bet big on gold, triple their ETF investments in a year; where else did they put their money?","Women's participation in mutual fund investments has risen, with 1.61 crore women among a total of 6.09 crore investors by March 2026. Here's why they are betting big on gold.","Women investors bet big on gold, triple their ETF investments in a year; where else did they put their money?. Women's participation in mutual fund investments has risen, with 1.61 crore women among a total of 6.09 crore investors by March 2026. Here's why they are betting big on gold.",https://www.livemint.com/money/personal-finance/women-investors-bet-big-on-gold-triple-their-etf-investments-in-a-year-where-else-did-they-put-their-money-11787472238316.html
2026-08-23,The Daily Hodl,Ray Dalio Warns of Looming US Debt Crisis and Urges Gold and Bitcoin Allocations,"Billionaire investor Ray Dalio is highlighting unsustainable US government finances and recommending investors underweight bonds while allocating 10-15% to gold and a bit of bitcoin.
The post Ray Dalio Warns of Looming US Debt Crisis and Urges Gold and Bitcoi…","Ray Dalio Warns of Looming US Debt Crisis and Urges Gold and Bitcoin Allocations. Billionaire investor Ray Dalio is highlighting unsustainable US government finances and recommending investors underweight bonds while allocating 10-15% to gold and a bit of bitcoin.
The post Ray Dalio Warns of Looming US Debt Crisis and Urges Gold and Bitcoi…",https://dailyhodl.com/2026/08/23/ray-dalio-warns-of-looming-us-debt-crisis-and-urges-gold-and-bitcoin-allocations/
2026-08-23,Livemint,Which asset class will outperform next? Experts say investors should focus on asset allocation instead of chasing winner,"Equities, debt and precious metals are moving through different cycles, making it difficult for investors to identify the next winning asset class. Here is why multi-asset allocation can help investors diversify risk and navigate uncertain market conditions.","Which asset class will outperform next? Experts say investors should focus on asset allocation instead of chasing winner. Equities, debt and precious metals are moving through different cycles, making it difficult for investors to identify the next winning asset class. Here is why multi-asset allocation can help investors diversify risk and navigate uncertain market conditions.",https://www.livemint.com/money/personal-finance/which-asset-class-will-outperform-next-experts-say-investors-should-focus-on-asset-allocation-instead-of-chasing-winner-11787421218526.html
2026-08-23,Livemint,"Equity, debt or gold? What 25 years of data reveals about the best asset allocation for investors","FundsIndia’s 25-year analysis compares different combinations of equity, debt and gold to see how asset allocation affects returns and portfolio volatility. The 70:15:15 mix delivered a 15% average seven-year return and crossed 10% annualised returns in 92% o…","Equity, debt or gold? What 25 years of data reveals about the best asset allocation for investors. FundsIndia’s 25-year analysis compares different combinations of equity, debt and gold to see how asset allocation affects returns and portfolio volatility. The 70:15:15 mix delivered a 15% average seven-year return and crossed 10% annualised returns in 92% o…",https://www.livemint.com/money/personal-finance/equity-debt-or-gold-what-25-years-of-data-reveals-about-the-best-asset-allocation-for-investors-11787419715482.html
2026-08-23,The Times of India,"Gold, silver prices likely to extend gains next week as investors await US data",Gold and silver prices are poised for further gains next week. Investors await crucial US inflation and economic data releases. Geopolitical developments in West Asia will also influence market sentiment. Domestic gold and silver futures saw significant incre…,"Gold, silver prices likely to extend gains next week as investors await US data. Gold and silver prices are poised for further gains next week. Investors await crucial US inflation and economic data releases. Geopolitical developments in West Asia will also influence market sentiment. Domestic gold and silver futures saw significant incre…",https://timesofindia.indiatimes.com/business/india-business/gold-silver-prices-likely-to-extend-gains-next-week-as-investors-await-us-data/articleshow/133437513.cms
2026-08-23,Rediff.com,France's Badminton System Delivers Double World Championship Gold,"France achieved a historic double victory at the World Championships, with Thom Gicquel and Delphine Delrue winning mixed doubles and Alex Lanier securing the men's singles title. This unprecedented success is attributed to decades of strategic investment in …","France's Badminton System Delivers Double World Championship Gold. France achieved a historic double victory at the World Championships, with Thom Gicquel and Delphine Delrue winning mixed doubles and Alex Lanier securing the men's singles title. This unprecedented success is attributed to decades of strategic investment in …",https://www.rediff.com/sports/report/france-achieves-historic-badminton-double-crown-at-worlds/20260823.htm
2026-08-22,BusinessLine,US bond turmoil signals rising global macro pressures,"US bond turmoil highlights rising global macro pressures, emphasizing the importance of valuations for equity investors and gold's enduring relevance.","US bond turmoil signals rising global macro pressures. US bond turmoil highlights rising global macro pressures, emphasizing the importance of valuations for equity investors and gold's enduring relevance.",https://www.thehindubusinessline.com/portfolio/us-bond-turmoil-signals-rising-global-macro-pressures/article71378664.ece
2026-08-22,MarketWatch,Why an announcement from the Treasury sparked a rally in gold and bitcoin this week,"Cryptocurrencies and precious metals shot higher, while the U.S. dollar weakened, after the Treasury Department said it planned to double its bond buybacks.","Why an announcement from the Treasury sparked a rally in gold and bitcoin this week. Cryptocurrencies and precious metals shot higher, while the U.S. dollar weakened, after the Treasury Department said it planned to double its bond buybacks.",https://www.marketwatch.com/story/why-an-announcement-from-the-treasury-sparked-a-rally-in-gold-and-bitcoin-this-week-d9d5972b
2026-08-22,Investor's Business Daily,Dow Jones Futures: Market Rally Repairs Some Damage; Nvidia Earnings Loom,"Gold, biotechs and bitcoin shine bright, but many key techs could go either way.","Dow Jones Futures: Market Rally Repairs Some Damage; Nvidia Earnings Loom. Gold, biotechs and bitcoin shine bright, but many key techs could go either way.",https://www.investors.com/market-trend/stock-market-today/dow-jones-futures-market-rally-nvidia-crowdstrike-warsh/
2026-08-22,Business Standard,PPF to digital gold: Monthly investments that build long-term wealth,"Here are seven low-cost, high-impact investment tools designed to help small monthly contributions grow into a substantial long-term corpus","PPF to digital gold: Monthly investments that build long-term wealth. Here are seven low-cost, high-impact investment tools designed to help small monthly contributions grow into a substantial long-term corpus",https://www.business-standard.com/finance/personal-finance/ppf-to-digital-gold-monthly-investments-that-build-long-term-wealth-126081401843_1.html
2026-08-22,Crypto Briefing,"US Treasury buyback plan boosts gold, bitcoin prices","The Treasury's buyback plan underscores gold and bitcoin's role as hedges against currency devaluation and economic uncertainty.
The post US Treasury buyback plan boosts gold, bitcoin prices appeared first on Crypto Briefing.","US Treasury buyback plan boosts gold, bitcoin prices. The Treasury's buyback plan underscores gold and bitcoin's role as hedges against currency devaluation and economic uncertainty.
The post US Treasury buyback plan boosts gold, bitcoin prices appeared first on Crypto Briefing.",https://cryptobriefing.com/us-treasury-buyback-plan-boosts-gold-bitcoin-prices/
2026-08-22,The Times of India,"Gold regains momentum as weak dollar, safe haven demand and seasonal buying support prices","Gold prices have surged sharply in August, supported by a weaker U.S. dollar, expectations of monetary easing, geopolitical tensions, and sustained central-bank purchases. Strong Chinese demand and India’s upcoming festive and wedding season add further suppo…","Gold regains momentum as weak dollar, safe haven demand and seasonal buying support prices. Gold prices have surged sharply in August, supported by a weaker U.S. dollar, expectations of monetary easing, geopolitical tensions, and sustained central-bank purchases. Strong Chinese demand and India’s upcoming festive and wedding season add further suppo…",https://economictimes.indiatimes.com/markets/commodities/news/gold-regains-momentum-as-weak-dollar-safe-haven-demand-and-seasonal-buying-support-prices/articleshow/133417184.cms
2026-08-22,The Times of India,"Gold prices rise for 3rd straight week, hit 3-month high. Can bullion reclaim $5,500 peak?","Gold rose 5% this week to nearly $4,603, marking its third consecutive weekly gain, supported by a weaker US dollar, Treasury bond buybacks and expectations of stable Fed rates. Analysts see long-term potential amid central-bank demand and currency concerns, …","Gold prices rise for 3rd straight week, hit 3-month high. Can bullion reclaim $5,500 peak?. Gold rose 5% this week to nearly $4,603, marking its third consecutive weekly gain, supported by a weaker US dollar, Treasury bond buybacks and expectations of stable Fed rates. Analysts see long-term potential amid central-bank demand and currency concerns, …",https://economictimes.indiatimes.com/markets/commodities/news/gold-prices-rise-for-3rd-straight-week-hit-3-month-high-can-bullion-reclaim-5500-peak/articleshow/133419156.cms
2026-08-22,Economictimes.com,HDFC and Axis Mutual Fund resume subscriptions in gold ETFs and gold ETF FoFs,"HDFC and Axis Mutual Fund have resumed unrestricted subscriptions in gold ETFs and funds, following similar moves by Tata and Aditya Birla Sun Life. Restrictions imposed amid strong inflows and physical gold supply constraints are being lifted as market condi…","HDFC and Axis Mutual Fund resume subscriptions in gold ETFs and gold ETF FoFs. HDFC and Axis Mutual Fund have resumed unrestricted subscriptions in gold ETFs and funds, following similar moves by Tata and Aditya Birla Sun Life. Restrictions imposed amid strong inflows and physical gold supply constraints are being lifted as market condi…",https://m.economictimes.com/mf/mf-news/hdfc-and-axis-mutual-fund-resume-subscriptions-in-gold-etfs-and-gold-etf-fofs/articleshow/133419582.cms
2026-08-22,The Times of India,Gold gets its glitter back as Indian buyers return ahead of wedding and festive season,"India’s gold demand is recovering after June’s price correction, with jewellery purchases, imports and retailer stocking picking up ahead of the festive season. Gold ETFs also continue to attract investors, while old-gold exchanges are helping consumers manag…","Gold gets its glitter back as Indian buyers return ahead of wedding and festive season. India’s gold demand is recovering after June’s price correction, with jewellery purchases, imports and retailer stocking picking up ahead of the festive season. Gold ETFs also continue to attract investors, while old-gold exchanges are helping consumers manag…",https://economictimes.indiatimes.com/industry/cons-products/fashion-/-cosmetics-/-jewellery/gold-gets-its-glitter-back-as-indian-buyers-return-ahead-of-wedding-and-festive-season/articleshow/133419573.cms
2026-08-22,The Times of India,"ETMarkets NRI Talk| Rs 1 crore, 5-7 years: How NRIs should allocate across Indian equities, bonds, gold and alternatives, says Rohit Sarin","NRIs investing in India should assess their global portfolio, existing India exposure, liquidity, risk appetite, taxes and repatriation needs before investing. For a Rs 1 crore portfolio, an illustrative allocation is 55–65% equities, 15–20% fixed income, 5–1…","ETMarkets NRI Talk| Rs 1 crore, 5-7 years: How NRIs should allocate across Indian equities, bonds, gold and alternatives, says Rohit Sarin. NRIs investing in India should assess their global portfolio, existing India exposure, liquidity, risk appetite, taxes and repatriation needs before investing. For a Rs 1 crore portfolio, an illustrative allocation is 55–65% equities, 15–20% fixed income, 5–1…",https://economictimes.indiatimes.com/markets/us-stocks/wall-street-guide/etmarkets-nri-talk-rs-1-crore-5-7-years-how-nris-should-allocate-across-indian-equities-bonds-gold-and-alternatives-says-rohit-sarin/articleshow/133417845.cms
2026-08-22,Crypto Briefing,Treasury announcement sparks rally in gold and Bitcoin,"Increased Treasury buybacks may signal inflation concerns, driving investors to hedge with assets like gold and Bitcoin, impacting market dynamics.
The post Treasury announcement sparks rally in gold and Bitcoin appeared first on Crypto Briefing.","Treasury announcement sparks rally in gold and Bitcoin. Increased Treasury buybacks may signal inflation concerns, driving investors to hedge with assets like gold and Bitcoin, impacting market dynamics.
The post Treasury announcement sparks rally in gold and Bitcoin appeared first on Crypto Briefing.",https://cryptobriefing.com/treasury-buyback-rally-gold-bitcoin/
2026-08-21,Advfn.com,"Gold stays above $4,500 as weaker dollar and Treasury action fuel gains","Gold remained firmly above $4,500 an ounce on Friday, extending its advance as a softer US dollar and measures from the US Treasury aimed at easing longer-te...","Gold stays above $4,500 as weaker dollar and Treasury action fuel gains. Gold remained firmly above $4,500 an ounce on Friday, extending its advance as a softer US dollar and measures from the US Treasury aimed at easing longer-te...",https://investorshub.advfn.com/market-news/article/34766/gold-stays-above-4500-as-weaker-dollar-and-treasury-action-fuel-gains
2026-08-21,Dailyreckoning.com,"Gray, Dusty and 20X Rarer Than Gold","This post Gray, Dusty and 20X Rarer Than Gold appeared first on Daily Reckoning.
20 times rarer than gold, and half the price...
The post Gray, Dusty and 20X Rarer Than Gold appeared first on Daily Reckoning.","Gray, Dusty and 20X Rarer Than Gold. This post Gray, Dusty and 20X Rarer Than Gold appeared first on Daily Reckoning.
20 times rarer than gold, and half the price...
The post Gray, Dusty and 20X Rarer Than Gold appeared first on Daily Reckoning.",https://dailyreckoning.com/gray-dusty-and-20x-rarer-than-gold/
2026-08-21,Crypto Briefing,Goldman Sachs sees gold rally accelerating on $90 silver bets,"Increased silver options activity could amplify gold's rally, impacting global markets and investment strategies amid volatile precious metals.
The post Goldman Sachs sees gold rally accelerating on $90 silver bets appeared first on Crypto Briefing.","Goldman Sachs sees gold rally accelerating on $90 silver bets. Increased silver options activity could amplify gold's rally, impacting global markets and investment strategies amid volatile precious metals.
The post Goldman Sachs sees gold rally accelerating on $90 silver bets appeared first on Crypto Briefing.",https://cryptobriefing.com/goldman-sachs-gold-rally-silver-90-bets/
2026-08-21,Amazon.com,Agentic Data Operations Platform (ADOP): Data engineering into hours,"The Agentic Data Operations Platform (ADOP) is a reference architecture on Amazon Bedrock that uses specialized AI agents to automate the full Bronze-to-Silver-to-Gold data pipeline lifecycle, compressing new-source onboarding from weeks to hours while keepin…","Agentic Data Operations Platform (ADOP): Data engineering into hours. The Agentic Data Operations Platform (ADOP) is a reference architecture on Amazon Bedrock that uses specialized AI agents to automate the full Bronze-to-Silver-to-Gold data pipeline lifecycle, compressing new-source onboarding from weeks to hours while keepin…",https://aws.amazon.com/blogs/machine-learning/agentic-data-operations-platform-adop-data-engineering-into-hours/
2026-08-21,BusinessLine,Gold climbs to near three-month peak after US Treasury move,"Gold prices soar to a near three-month high, driven by a weaker dollar and US Treasury bond buyback announcements.","Gold climbs to near three-month peak after US Treasury move. Gold prices soar to a near three-month high, driven by a weaker dollar and US Treasury bond buyback announcements.",https://www.thehindubusinessline.com/markets/gold/gold-climbs-to-near-three-month-peak-after-us-treasury-move/article71372830.ece
2026-08-21,CNBC,"Gold rebounds as bond jitters, debt fears and weaker dollar revive bullion demand","Gold is rebounding as investors weigh U.S. debt concerns, a weaker dollar and stubbornly high Treasury yields.","Gold rebounds as bond jitters, debt fears and weaker dollar revive bullion demand. Gold is rebounding as investors weigh U.S. debt concerns, a weaker dollar and stubbornly high Treasury yields.",https://www.cnbc.com/2026/08/21/gold-prices-us-debt-dollar.html
2026-08-21,Yahoo Entertainment,"Gold prices today, Friday, August 21, 2026: Gold remains strong amid U.S. debt concerns","Gold (GC=F) December futures opened at $4,577 per troy ounce on Friday, August 21, 2026, up 0.1% from Thursday's closing price.","Gold prices today, Friday, August 21, 2026: Gold remains strong amid U.S. debt concerns. Gold (GC=F) December futures opened at $4,577 per troy ounce on Friday, August 21, 2026, up 0.1% from Thursday's closing price.",https://finance.yahoo.com/personal-finance/investing/article/gold-prices-today-friday-august-21-2026-gold-remains-strong-amid-us-debt-concerns-161052751.html
2026-08-21,Crypto Briefing,Bitcoin and gold surge as Bessent’s bond market move weakens dollar,"A weaker dollar boosts alternative assets, potentially reshaping investment strategies and influencing global economic dynamics.
The post Bitcoin and gold surge as Bessent’s bond market move weakens dollar appeared first on Crypto Briefing.","Bitcoin and gold surge as Bessent’s bond market move weakens dollar. A weaker dollar boosts alternative assets, potentially reshaping investment strategies and influencing global economic dynamics.
The post Bitcoin and gold surge as Bessent’s bond market move weakens dollar appeared first on Crypto Briefing.",https://cryptobriefing.com/bitcoin-and-gold-surge-as-bessents-bond-market-move-weakens-dollar/
2026-08-21,PRNewswire,Helcim Raises $53 Million Series C as Banks Exit Small Business Payments,"The round led by Business Development Bank's (BDC) Growth Venture Fund lifts Helcim's valuation to $250 million CAD, with participation from Curql Collective, Gold House Ventures, and existing investors. CALGARY, AB, Aug. 21, 2026 /PRNewswire/ -- Helcim, a Ca…","Helcim Raises $53 Million Series C as Banks Exit Small Business Payments. The round led by Business Development Bank's (BDC) Growth Venture Fund lifts Helcim's valuation to $250 million CAD, with participation from Curql Collective, Gold House Ventures, and existing investors. CALGARY, AB, Aug. 21, 2026 /PRNewswire/ -- Helcim, a Ca…",https://www.prnewswire.com/news-releases/helcim-raises-53-million-series-c-as-banks-exit-small-business-payments-302857411.html
2026-08-21,BusinessLine,Gold prices rally further on weak dollar,"Opening on the firm trend, gold prices gained by ₹3,540 per 10 grams to hit a high of ₹1,60,620 per 10 grams against the previous close of ₹1,57,080","Gold prices rally further on weak dollar. Opening on the firm trend, gold prices gained by ₹3,540 per 10 grams to hit a high of ₹1,60,620 per 10 grams against the previous close of ₹1,57,080",https://www.thehindubusinessline.com/markets/gold/gold-prices-rally-further-on-weak-dollar/article71373772.ece
2026-08-21,Financial Post,Bitcoin and gold surge as Bessent’s bond market intervention weighs on dollar,Bitcoin is on course for its best week in more than three years while gold is heading for its biggest monthly gain this century. Read here,Bitcoin and gold surge as Bessent’s bond market intervention weighs on dollar. Bitcoin is on course for its best week in more than three years while gold is heading for its biggest monthly gain this century. Read here,https://financialpost.com/financial-times/bitcoin-gold-surge-bond-market-intervention-weighs-dollar
2026-08-21,The Times of India,"Gold could top Goldman’s $4,900 forecast as options demand fuels rally","Goldman Sachs sees gold potentially exceeding its $4,900 year-end forecast as strong options demand, Western investor interest and central bank buying amplify price moves. Rising call-option activity could accelerate gains near key strikes, though changing Fe…","Gold could top Goldman’s $4,900 forecast as options demand fuels rally. Goldman Sachs sees gold potentially exceeding its $4,900 year-end forecast as strong options demand, Western investor interest and central bank buying amplify price moves. Rising call-option activity could accelerate gains near key strikes, though changing Fe…",https://economictimes.indiatimes.com/markets/us-stocks/wall-street-guide/gold-could-top-goldmans-4900-forecast-as-options-demand-fuels-rally/articleshow/133408548.cms
2026-08-21,The Daily Caller,"Dollar Sinks As Investors Flock To Gold, Crypto After Scott Bessent’s Treasury Buyback","The DXY dollar index fell to 98.6630 on Friday, down 0.23% from the previous session, bringing its decline over the past month to 2.43%. The dollar’s weakness follows the Treasury Department’s decision to at least double its purchases of longer-dated governme…","Dollar Sinks As Investors Flock To Gold, Crypto After Scott Bessent’s Treasury Buyback. The DXY dollar index fell to 98.6630 on Friday, down 0.23% from the previous session, bringing its decline over the past month to 2.43%. The dollar’s weakness follows the Treasury Department’s decision to at least double its purchases of longer-dated governme…",https://dailycaller.com/2026/08/21/dollar-sinks-as-investors-flock-to-gold-crypto-after-bessents-treasury-buyback
2026-08-21,Crypto Briefing,Ray Dalio advises investors to shift 15% to gold amid US debt crisis warning,"Dalio's gold shift highlights growing distrust in traditional assets, signaling potential shifts in global financial strategies and currency stability.
The post Ray Dalio advises investors to shift 15% to gold amid US debt crisis warning appeared first on Cry…","Ray Dalio advises investors to shift 15% to gold amid US debt crisis warning. Dalio's gold shift highlights growing distrust in traditional assets, signaling potential shifts in global financial strategies and currency stability.
The post Ray Dalio advises investors to shift 15% to gold amid US debt crisis warning appeared first on Cry…",https://cryptobriefing.com/ray-dalio-gold-allocation-us-debt-crisis/
2026-08-18,Advfn.com,"Gold Slips Below $4,400 as Higher Oil Prices and Treasury Yields Weigh",Gold prices moved lower on Tuesday as rising U. S.,"Gold Slips Below $4,400 as Higher Oil Prices and Treasury Yields Weigh. Gold prices moved lower on Tuesday as rising U. S.",https://investorshub.advfn.com/market-news/article/34485/gold-slips-below-4400-as-higher-oil-prices-and-treasury-yields-weigh
2026-08-17,Cointelegraph,Bitcoin hits $64K as gold gains while oil shakes off Trump Oman threat,"Bitcoin sees further relief with a push past $64,000 while oil prices shake of threats of military action on Oman by US president Donald Trump.","Bitcoin hits $64K as gold gains while oil shakes off Trump Oman threat. Bitcoin sees further relief with a push past $64,000 while oil prices shake of threats of military action on Oman by US president Donald Trump.",https://cointelegraph.com/markets/bitcoin-hits-64k-as-gold-gains-while-oil-shakes-off-trump-oman-threat
2026-08-17,Biztoc.com,"Gold rises towards $4,400 as weaker dollar supports prices despite Middle East inflation concerns","Gold prices moved higher on Monday, remaining close to $4,400 an ounce as weakness in the U.S. dollar and softer economic indicators provided support, while uncertainty over Middle East energy supplies continued to pose an inflation risk.
At 01:04 ET (05:04 G…","Gold rises towards $4,400 as weaker dollar supports prices despite Middle East inflation concerns. Gold prices moved higher on Monday, remaining close to $4,400 an ounce as weakness in the U.S. dollar and softer economic indicators provided support, while uncertainty over Middle East energy supplies continued to pose an inflation risk.
At 01:04 ET (05:04 G…",https://biztoc.com/x/b2d389555476b0cd
2026-08-14,Advfn.com,"Gold Falls Below $4,350 as Profit-Taking Offsets Fed Rate Support","Gold prices moved lower on Friday, extending their retreat from a 10-week high reached earlier in the week as investors locked in some gains following the re...","Gold Falls Below $4,350 as Profit-Taking Offsets Fed Rate Support. Gold prices moved lower on Friday, extending their retreat from a 10-week high reached earlier in the week as investors locked in some gains following the re...",https://investorshub.advfn.com/market-news/article/34302/gold-falls-below-4350-as-profit-taking-offsets-fed-rate-support
2026-08-13,Advfn.com,Gold Pulls Back From Two-Month High as Markets Reassess Fed Rate Outlook,"Gold prices moved lower on Thursday after reaching their highest level in more than two months, as investors balanced encouraging U. S.","Gold Pulls Back From Two-Month High as Markets Reassess Fed Rate Outlook. Gold prices moved lower on Thursday after reaching their highest level in more than two months, as investors balanced encouraging U. S.",https://investorshub.advfn.com/market-news/article/34193/gold-pulls-back-from-two-month-high-as-markets-reassess-fed-rate-outlook
2026-08-12,Advfn.com,"Gold holds near $4,400 as markets await U.S. inflation data","Gold prices extended their advance on Wednesday, trading close to $4,400 an ounce as investors awaited fresh U. S.","Gold holds near $4,400 as markets await U.S. inflation data. Gold prices extended their advance on Wednesday, trading close to $4,400 an ounce as investors awaited fresh U. S.",https://investorshub.advfn.com/market-news/article/34081/gold-holds-near-4400-as-markets-await-u-s-inflation-data
2026-08-11,Cointelegraph,Bitcoin drops to one-week low as retail buys gold at highest prices since June,"Bitcoin price action sank to one-week lows ahead of US CPI data, while retail investors piled into gold ETFs and XAU/USD hit its highest levels in nine weeks.","Bitcoin drops to one-week low as retail buys gold at highest prices since June. Bitcoin price action sank to one-week lows ahead of US CPI data, while retail investors piled into gold ETFs and XAU/USD hit its highest levels in nine weeks.",https://cointelegraph.com/markets/bitcoin-drops-to-one-week-low-as-retail-buys-gold-at-highest-prices-since-june
2026-08-11,Biztoc.com,Gold Climbs to More Than Two-Month High as Iran Talks and U.S. Inflation Take Focus,"Gold prices extended their gains on Tuesday, holding close to their highest level in more than two months as renewed investor demand outweighed pressure from a stronger U.S. dollar, higher Treasury yields and rising energy prices.
At 00:56 ET (04:56 GMT), XAU…","Gold Climbs to More Than Two-Month High as Iran Talks and U.S. Inflation Take Focus. Gold prices extended their gains on Tuesday, holding close to their highest level in more than two months as renewed investor demand outweighed pressure from a stronger U.S. dollar, higher Treasury yields and rising energy prices.
At 00:56 ET (04:56 GMT), XAU…",https://biztoc.com/x/28d302140b38d3d1
2026-08-07,Advfn.com,Gold Advances as Middle East Uncertainty Supports Safe-Haven Demand Ahead of US Payrolls,"Gold prices moved higher on Friday, building on the previous session’s gains as investors weighed escalating geopolitical tensions around the Strait of Hormu...","Gold Advances as Middle East Uncertainty Supports Safe-Haven Demand Ahead of US Payrolls. Gold prices moved higher on Friday, building on the previous session’s gains as investors weighed escalating geopolitical tensions around the Strait of Hormu...",https://investorshub.advfn.com/market-news/article/33692/gold-advances-as-middle-east-uncertainty-supports-safe-haven-demand-ahead-of-us-payrolls
2026-08-07,Slashdot.org,Gold rises as Middle East risks offset steady dollar ahead of payrolls - Investing.com,Gold rises as Middle East risks offset steady dollar ahead of payrollsInvesting.com Gold price hits highest level since June on weak payrolls data and Hormuz deal hopesCNBC Gold Steady as Traders Assess Impact of Hormuz Flare-Up on RatesBloomberg Gold Rises; …,Gold rises as Middle East risks offset steady dollar ahead of payrolls - Investing.com. Gold rises as Middle East risks offset steady dollar ahead of payrollsInvesting.com Gold price hits highest level since June on weak payrolls data and Hormuz deal hopesCNBC Gold Steady as Traders Assess Impact of Hormuz Flare-Up on RatesBloomberg Gold Rises; …,https://slashdot.org/firehose.pl?op=view&amp;id=184888478
2026-08-07,Slashdot.org,"Gold heads for best week since January, US jobs data in focus - Reuters","Gold heads for best week since January, US jobs data in focusReuters Gold Steady as Traders Assess Impact of Hormuz Flare-Up on RatesBloomberg Gold price hits highest level since June on weak payrolls data and Hormuz deal hopesCNBC Gold Price Short-term Outlo…","Gold heads for best week since January, US jobs data in focus - Reuters. Gold heads for best week since January, US jobs data in focusReuters Gold Steady as Traders Assess Impact of Hormuz Flare-Up on RatesBloomberg Gold price hits highest level since June on weak payrolls data and Hormuz deal hopesCNBC Gold Price Short-term Outlo…",https://slashdot.org/firehose.pl?op=view&amp;id=184888062
2026-08-07,Slashdot.org,Gold's rally is about a growing lack of investor confidence; silver could offer bigger gains says MarketGauge's Schneider - KITCO,Gold's rally is about a growing lack of investor confidence; silver could offer bigger gains says MarketGauge's SchneiderKITCO Gold price hits highest level since June on weak payrolls data and Hormuz deal hopesCNBC Gold Steady as Traders Assess Impact of Hor…,Gold's rally is about a growing lack of investor confidence; silver could offer bigger gains says MarketGauge's Schneider - KITCO. Gold's rally is about a growing lack of investor confidence; silver could offer bigger gains says MarketGauge's SchneiderKITCO Gold price hits highest level since June on weak payrolls data and Hormuz deal hopesCNBC Gold Steady as Traders Assess Impact of Hor…,https://slashdot.org/firehose.pl?op=view&amp;id=184886914
2026-08-06,Advfn.com,Gold holds near seven-week peak as Hormuz hopes offset Fed tightening concerns,"Gold prices eased from earlier highs on Thursday but continued to trade close to their strongest level in seven weeks, as growing optimism over a possible ag...","Gold holds near seven-week peak as Hormuz hopes offset Fed tightening concerns. Gold prices eased from earlier highs on Thursday but continued to trade close to their strongest level in seven weeks, as growing optimism over a possible ag...",https://investorshub.advfn.com/market-news/article/33568/gold-holds-near-seven-week-peak-as-hormuz-hopes-offset-fed-tightening-concerns
2026-08-05,Advfn.com,"Gold climbs above $4,200 as easing inflation concerns lift precious metals","Gold prices surged by more than 2% on Wednesday, with futures moving above the $4,200-an-ounce mark as optimism surrounding a potential agreement to reopen t...","Gold climbs above $4,200 as easing inflation concerns lift precious metals. Gold prices surged by more than 2% on Wednesday, with futures moving above the $4,200-an-ounce mark as optimism surrounding a potential agreement to reopen t...",https://investorshub.advfn.com/market-news/article/33445/gold-climbs-above-4200-as-easing-inflation-concerns-lift-precious-metals
2026-08-04,Advfn.com,Gold Holds Firm as Traders Await U.S. Employment Data and Monitor Middle East Developments,Gold prices traded slightly higher on Tuesday as investors remained focused on a busy week of U. S.,Gold Holds Firm as Traders Await U.S. Employment Data and Monitor Middle East Developments. Gold prices traded slightly higher on Tuesday as investors remained focused on a busy week of U. S.,https://investorshub.advfn.com/market-news/article/33282/gold-holds-firm-as-traders-await-u-s-employment-data-and-monitor-middle-east-developments
2026-07-30,Advfn.com,Gold Pulls Back as Dollar Strength and Fed Outlook Weigh on Bullion,Gold prices moved lower on Thursday after investors reassessed Federal Reserve Chair Kevin Warsh’s comments on inflation following the central bank’s decisio...,Gold Pulls Back as Dollar Strength and Fed Outlook Weigh on Bullion. Gold prices moved lower on Thursday after investors reassessed Federal Reserve Chair Kevin Warsh’s comments on inflation following the central bank’s decisio...,https://investorshub.advfn.com/market-news/article/33029/gold-pulls-back-as-dollar-strength-and-fed-outlook-weigh-on-bullion
2026-07-27,PRNewswire,Aurelion Reports Third Fiscal Quarter 2026 Financial Results,"HONG KONG, July 27, 2026 /PRNewswire/ -- Aurelion Inc. (NASDAQ: AURE) (""Aurelion"" or the ""Company""), a digital gold infrastructure company, today announced its unaudited financial results for the quarter ended June 30, 2026. ""We're transforming Aurelion into …","Aurelion Reports Third Fiscal Quarter 2026 Financial Results. HONG KONG, July 27, 2026 /PRNewswire/ -- Aurelion Inc. (NASDAQ: AURE) (""Aurelion"" or the ""Company""), a digital gold infrastructure company, today announced its unaudited financial results for the quarter ended June 30, 2026. ""We're transforming Aurelion into …",https://www.prnewswire.com/news-releases/aurelion-reports-third-fiscal-quarter-2026-financial-results-302835380.html
