date,Federal_Funds_Rate,CPI,Unemployment,GDP,PCE,Treasury10Y
1954-07-01,0.8,26.86,5.8,390.996,,
1954-08-01,1.22,26.85,6.0,,,
1954-09-01,1.07,26.81,6.1,,,
1954-10-01,0.85,26.72,5.7,399.734,,
1954-11-01,0.83,26.78,5.3,,,
1954-12-01,1.28,26.77,5.0,,,
1955-01-01,1.39,26.77,4.9,413.073,,
1955-02-01,1.29,26.82,4.7,,,
1955-03-01,1.35,26.79,4.6,,,
1955-04-01,1.43,26.79,4.7,421.532,,
1955-05-01,1.43,26.77,4.3,,,
1955-06-01,1.64,26.71,4.2,,,
1955-07-01,1.68,26.76,4.0,430.221,,
1955-08-01,1.96,26.72,4.2,,,
1955-09-01,2.18,26.85,4.1,,,
1955-10-01,2.24,26.82,4.3,437.092,,
1955-11-01,2.35,26.88,4.2,,,
1955-12-01,2.48,26.87,4.2,,,
1956-01-01,2.45,26.83,4.0,439.746,,
1956-02-01,2.5,26.86,3.9,,,
1956-03-01,2.5,26.89,4.2,,,
1956-04-01,2.62,26.93,4.0,446.01,,
1956-05-01,2.75,27.03,4.3,,,
1956-06-01,2.71,27.15,4.3,,,
1956-07-01,2.75,27.29,4.4,451.191,,
1956-08-01,2.73,27.31,4.1,,,
1956-09-01,2.95,27.35,3.9,,,
1956-10-01,2.96,27.51,3.9,460.463,,
1956-11-01,2.88,27.51,4.3,,,
1956-12-01,2.94,27.63,4.2,,,
1957-01-01,2.84,27.67,4.2,469.779,,
1957-02-01,3.0,27.8,3.9,,,
1957-03-01,2.96,27.86,3.7,,,
1957-04-01,3.0,27.93,3.9,472.025,,
1957-05-01,3.0,28.0,4.1,,,
1957-06-01,3.0,28.11,4.3,,,
1957-07-01,2.99,28.19,4.2,479.49,,
1957-08-01,3.24,28.28,4.1,,,
1957-09-01,3.47,28.32,4.4,,,
1957-10-01,3.5,28.32,4.5,474.864,,
1957-11-01,3.28,28.41,5.1,,,
1957-12-01,2.98,28.47,5.2,,,
1958-01-01,2.72,28.64,5.8,467.54,,
1958-02-01,1.67,28.7,6.4,,,
1958-03-01,1.2,28.87,6.7,,,
1958-04-01,1.26,28.94,7.4,471.978,,
1958-05-01,0.63,28.94,7.4,,,
1958-06-01,0.93,28.91,7.3,,,
1958-07-01,0.68,28.89,7.5,485.841,,
1958-08-01,1.53,28.94,7.4,,,
1958-09-01,1.76,28.91,7.1,,,
1958-10-01,1.8,28.91,6.7,499.555,,
1958-11-01,2.27,28.95,6.2,,,
1958-12-01,2.42,28.97,6.2,,,
1959-01-01,2.48,29.01,6.0,510.33,306.1,
1959-02-01,2.43,29.0,5.9,,309.6,
1959-03-01,2.8,28.97,5.6,,312.7,
1959-04-01,2.96,28.98,5.2,522.653,312.2,
1959-05-01,2.9,29.04,5.1,,316.1,
1959-06-01,3.39,29.11,5.0,,318.2,
1959-07-01,3.47,29.15,5.1,525.034,317.8,
1959-08-01,3.5,29.18,5.2,,320.2,
1959-09-01,3.76,29.25,5.5,,324.2,
1959-10-01,3.98,29.35,5.7,528.6,322.8,
1959-11-01,4.0,29.35,5.8,,322.9,
1959-12-01,3.99,29.41,5.3,,322.9,
1960-01-01,3.99,29.37,5.2,542.648,323.6,
1960-02-01,3.97,29.41,4.8,,325.3,
1960-03-01,3.84,29.41,5.4,,330.2,
1960-04-01,3.92,29.54,5.2,541.08,336.5,
1960-05-01,3.85,29.57,5.1,,330.0,
1960-06-01,3.32,29.61,5.4,,330.1,
1960-07-01,3.23,29.55,5.5,545.604,331.4,
1960-08-01,2.98,29.61,5.6,,331.6,
1960-09-01,2.6,29.61,5.5,,333.4,
1960-10-01,2.47,29.75,6.1,540.197,335.4,
1960-11-01,2.44,29.78,6.1,,335.4,
1960-12-01,1.98,29.81,6.6,,331.3,
1961-01-01,1.45,29.84,6.6,545.018,332.2,
1961-02-01,2.54,29.84,6.9,,333.7,
1961-03-01,2.02,29.84,6.9,,337.7,
1961-04-01,1.49,29.81,7.0,555.545,337.6,
1961-05-01,1.98,29.84,7.1,,339.9,
1961-06-01,1.73,29.84,6.9,,340.9,
1961-07-01,1.17,29.92,7.0,567.664,340.6,
1961-08-01,2.0,29.94,6.6,,342.1,
1961-09-01,1.88,29.98,6.7,,344.4,
1961-10-01,2.26,29.98,6.5,580.612,346.5,
1961-11-01,2.61,29.98,6.1,,349.9,
1961-12-01,2.33,30.01,6.0,,352.4,
1962-01-01,2.15,30.04,5.8,594.013,353.2,
1962-02-01,2.37,30.11,5.5,,354.0,4.09
1962-03-01,2.85,30.17,5.6,,357.4,3.98
1962-04-01,2.78,30.21,5.6,600.366,359.0,
1962-05-01,2.36,30.24,5.5,,362.0,3.85
1962-06-01,2.68,30.21,5.5,,360.4,3.89
1962-07-01,2.71,30.22,5.4,609.027,361.4,
1962-08-01,2.93,30.28,5.7,,362.9,4.03
1962-09-01,2.9,30.42,5.6,,368.8,
1962-10-01,2.9,30.38,5.4,612.28,366.5,3.93
1962-11-01,2.94,30.38,5.7,,371.7,3.92
1962-12-01,2.93,30.38,5.5,,373.6,
1963-01-01,2.92,30.44,5.7,621.672,374.4,
1963-02-01,3.0,30.48,5.9,,373.4,3.88
1963-03-01,2.98,30.51,5.7,,375.0,3.93
1963-04-01,2.9,30.48,5.7,629.752,376.4,3.95
1963-05-01,3.0,30.51,5.9,,377.2,3.94
1963-06-01,2.99,30.61,5.6,,381.7,
1963-07-01,3.02,30.69,5.6,644.444,384.4,4.01
1963-08-01,3.49,30.75,5.4,,386.3,3.99
1963-09-01,3.48,30.72,5.5,,385.5,
1963-10-01,3.5,30.75,5.5,653.938,386.0,4.07
1963-11-01,3.48,30.78,5.7,,389.4,4.15
1963-12-01,3.38,30.88,5.5,,394.7,
1964-01-01,3.48,30.94,5.6,669.822,396.8,
1964-02-01,3.48,30.91,5.4,,400.2,
1964-03-01,3.43,30.94,5.4,,401.8,
1964-04-01,3.47,30.95,5.3,678.674,402.8,4.23
1964-05-01,3.5,30.98,5.1,,408.4,4.22
1964-06-01,3.5,31.01,5.2,,411.4,4.19
1964-07-01,3.42,31.02,4.9,692.031,414.9,4.15
1964-08-01,3.5,31.05,5.0,,417.7,
1964-09-01,3.45,31.08,5.1,,416.6,4.21
1964-10-01,3.36,31.12,5.1,697.319,419.6,4.18
1964-11-01,3.52,31.21,4.8,,416.4,
1964-12-01,3.85,31.25,5.0,,421.0,4.2
1965-01-01,3.9,31.28,4.9,717.79,424.4,
1965-02-01,3.98,31.28,5.1,,431.4,4.2
1965-03-01,4.05,31.31,4.7,,433.3,4.22
1965-04-01,4.09,31.38,4.8,730.191,437.1,4.2
1965-05-01,4.1,31.48,4.6,,437.6,
1965-06-01,4.05,31.61,4.6,,435.2,4.23
1965-07-01,4.09,31.58,4.4,749.323,441.0,4.2
1965-08-01,4.12,31.55,4.4,,444.4,
1965-09-01,4.02,31.62,4.3,,452.0,4.28
1965-10-01,4.08,31.65,4.2,771.857,458.5,4.36
1965-11-01,4.1,31.75,4.1,,459.1,4.43
1965-12-01,4.32,31.85,4.0,,461.7,4.52
1966-01-01,4.42,31.88,4.0,795.734,465.2,
1966-02-01,4.6,32.08,3.8,,470.2,4.69
1966-03-01,4.66,32.18,3.8,,475.0,5.01
1966-04-01,4.67,32.28,3.8,804.981,476.9,4.7
1966-05-01,4.9,32.35,3.9,,473.1,
1966-06-01,5.17,32.38,3.8,,475.5,4.79
1966-07-01,5.3,32.45,3.8,819.638,480.6,4.99
1966-08-01,5.53,32.65,3.8,,483.2,5.05
1966-09-01,5.4,32.75,3.7,,489.2,5.3
1966-10-01,5.53,32.85,3.7,833.302,488.3,
1966-11-01,5.76,32.88,3.6,,490.1,4.99
1966-12-01,5.4,32.92,3.8,,491.8,5.09
1967-01-01,4.94,32.9,3.9,844.17,494.2,
1967-02-01,5.0,33.0,3.8,,493.0,4.52
1967-03-01,4.53,33.0,3.8,,495.8,4.66
1967-04-01,4.05,33.1,3.8,848.983,501.3,
1967-05-01,3.94,33.1,3.8,,502.2,4.77
1967-06-01,3.98,33.3,3.9,,506.8,4.81
1967-07-01,3.79,33.4,3.8,865.233,506.7,
1967-08-01,3.9,33.5,3.8,,509.8,5.18
1967-09-01,3.99,33.6,3.8,,515.6,5.25
1967-10-01,3.88,33.7,4.0,881.439,512.2,
1967-11-01,4.13,33.9,3.9,,517.4,5.7
1967-12-01,4.51,34.0,3.8,,525.1,5.78
1968-01-01,4.61,34.1,3.7,909.387,530.9,
1968-02-01,4.71,34.2,3.8,,533.6,5.58
1968-03-01,5.05,34.3,3.7,,544.3,5.56
1968-04-01,5.76,34.4,3.5,934.344,544.0,5.64
1968-05-01,6.12,34.5,3.5,,549.8,5.73
1968-06-01,6.07,34.7,3.7,,556.3,
1968-07-01,6.03,34.9,3.7,950.825,563.2,5.62
1968-08-01,6.03,35.0,3.5,,567.0,5.38
1968-09-01,5.78,35.1,3.4,,568.2,
1968-10-01,5.91,35.3,3.4,968.03,571.6,5.49
1968-11-01,5.82,35.4,3.4,,576.7,5.61
1968-12-01,6.02,35.6,3.4,,576.5,
1969-01-01,6.3,35.7,3.4,993.337,583.5,
1969-02-01,6.61,35.8,3.4,,588.7,
1969-03-01,6.79,36.1,3.4,,588.9,
1969-04-01,7.41,36.3,3.4,1009.02,593.9,6.25
1969-05-01,8.67,36.4,3.4,,600.3,6.25
1969-06-01,8.9,36.6,3.5,,600.9,
1969-07-01,8.61,36.8,3.5,1029.956,602.7,6.75
1969-08-01,9.19,36.9,3.5,,609.9,6.66
1969-09-01,9.15,37.1,3.7,,613.2,
1969-10-01,9.0,37.3,3.7,1038.147,618.5,7.52
1969-11-01,8.85,37.5,3.5,,620.5,
1969-12-01,8.97,37.7,3.5,,622.8,7.29
1970-01-01,8.98,37.9,3.9,1051.2,628.7,
1970-02-01,8.98,38.1,4.2,,634.0,
1970-03-01,7.76,38.3,4.4,,632.3,
1970-04-01,8.1,38.5,4.6,1067.375,636.0,7.04
1970-05-01,7.95,38.6,4.8,,642.4,7.85
1970-06-01,7.61,38.8,4.9,,646.3,7.84
1970-07-01,7.21,38.9,5.0,1086.059,648.5,7.64
1970-08-01,6.62,39.0,5.1,,652.9,
1970-09-01,6.29,39.2,5.4,,659.1,7.47
1970-10-01,6.2,39.4,5.5,1088.608,658.3,7.29
1970-11-01,5.6,39.6,5.9,,656.6,
1970-12-01,4.9,39.8,6.1,,665.6,6.48
1971-01-01,4.14,39.9,5.9,1135.156,676.1,
1971-02-01,3.72,39.9,5.9,,679.4,6.09
1971-03-01,3.71,40.0,6.0,,682.0,6.12
1971-04-01,4.16,40.1,5.9,1156.271,688.8,5.58
1971-05-01,4.63,40.3,5.9,,691.1,
1971-06-01,4.91,40.5,5.9,,699.8,6.36
1971-07-01,5.31,40.6,6.0,1177.675,698.9,6.69
1971-08-01,5.57,40.7,6.1,,704.9,
1971-09-01,5.55,40.8,6.0,,713.0,6.22
1971-10-01,5.2,40.9,5.8,1190.297,715.8,6.0
1971-11-01,4.91,41.0,6.0,,720.9,5.8
1971-12-01,4.14,41.1,6.0,,728.4,5.92
1972-01-01,3.51,41.2,5.8,1230.609,731.5,
1972-02-01,3.3,41.4,5.7,,736.2,6.09
1972-03-01,3.83,41.4,5.8,,749.2,6.04
1972-04-01,4.17,41.5,5.7,1266.369,752.5,
1972-05-01,4.27,41.6,5.7,,758.0,6.14
1972-06-01,4.46,41.7,5.7,,761.6,6.07
1972-07-01,4.55,41.8,5.6,1290.566,769.9,
1972-08-01,4.81,41.9,5.6,,776.3,6.14
1972-09-01,4.87,42.1,5.5,,781.1,6.43
1972-10-01,5.05,42.2,5.6,1328.904,794.9,
1972-11-01,5.06,42.4,5.3,,800.5,6.39
1972-12-01,5.33,42.5,5.2,,806.1,6.29
1973-01-01,5.94,42.7,4.9,1377.49,816.5,
1973-02-01,6.58,43.0,5.0,,825.8,6.6
1973-03-01,7.09,43.4,4.9,,832.8,6.65
1973-04-01,7.12,43.7,5.0,1413.887,835.7,
1973-05-01,7.84,43.9,4.9,,841.6,6.72
1973-06-01,8.49,44.2,4.9,,844.3,6.96
1973-07-01,10.4,44.2,4.8,1433.838,854.1,
1973-08-01,10.5,45.0,4.8,,853.3,7.55
1973-09-01,10.78,45.2,4.8,,869.2,
1973-10-01,10.01,45.6,4.6,1476.289,868.2,6.91
1973-11-01,10.03,45.9,4.8,,876.9,6.71
1973-12-01,9.95,46.3,4.9,,876.6,
1974-01-01,9.65,46.8,5.1,1491.209,884.5,
1974-02-01,8.97,47.3,5.2,,889.7,7.0
1974-03-01,9.35,47.8,5.1,,901.4,7.08
1974-04-01,10.51,48.1,5.1,1530.056,910.8,7.42
1974-05-01,11.31,48.6,5.1,,922.4,7.62
1974-06-01,11.93,49.0,5.4,,928.0,
1974-07-01,12.92,49.3,5.5,1560.026,937.9,7.65
1974-08-01,12.01,49.9,5.5,,954.8,7.92
1974-09-01,11.34,50.6,5.9,,955.1,
1974-10-01,10.06,51.0,6.0,1599.679,959.2,7.97
1974-11-01,9.45,51.5,6.6,,956.2,7.8
1974-12-01,8.53,51.9,7.2,,961.8,
1975-01-01,7.13,52.3,8.1,1616.116,975.6,
1975-02-01,6.24,52.6,8.1,,989.4,
1975-03-01,5.54,52.8,8.6,,990.6,
1975-04-01,5.49,53.0,8.8,1651.853,995.0,8.08
1975-05-01,5.22,53.1,9.0,,1018.9,8.31
1975-06-01,5.55,53.5,8.8,,1026.8,
1975-07-01,6.1,54.0,8.6,1709.82,1039.8,7.97
1975-08-01,6.14,54.2,8.4,,1047.0,8.26
1975-09-01,6.24,54.6,8.4,,1054.8,
1975-10-01,5.82,54.9,8.4,1761.831,1060.9,8.47
1975-11-01,5.22,55.3,8.3,,1075.8,
1975-12-01,5.2,55.6,8.2,,1092.1,8.12
1976-01-01,4.87,55.8,7.9,1820.487,1107.1,
1976-02-01,4.77,55.9,7.7,,1107.7,
1976-03-01,4.84,56.0,7.6,,1114.9,7.86
1976-04-01,4.82,56.1,7.7,1852.332,1125.4,7.68
1976-05-01,5.29,56.4,7.4,,1122.7,
1976-06-01,5.48,56.7,7.6,,1140.5,7.94
1976-07-01,5.31,57.0,7.8,1886.558,1149.6,7.88
1976-08-01,5.29,57.3,7.8,,1158.0,
1976-09-01,5.25,57.6,7.6,,1168.8,7.64
1976-10-01,5.02,57.9,7.7,1934.273,1176.8,7.49
1976-11-01,4.95,58.1,7.8,,1189.0,7.38
1976-12-01,4.65,58.4,7.8,,1211.5,6.97
1977-01-01,4.61,58.7,7.5,1988.648,1215.0,
1977-02-01,4.68,59.3,7.6,,1231.3,7.41
1977-03-01,4.69,59.6,7.4,,1238.3,7.49
1977-04-01,4.73,60.0,7.2,2055.909,1247.3,7.43
1977-05-01,5.35,60.2,7.0,,1257.1,
1977-06-01,5.39,60.5,7.2,,1263.6,7.38
1977-07-01,5.42,60.8,6.9,2118.473,1280.5,7.34
1977-08-01,5.9,61.1,7.0,,1285.7,7.43
1977-09-01,6.14,61.3,6.8,,1294.5,7.3
1977-10-01,6.47,61.6,6.8,2164.27,1311.4,
1977-11-01,6.51,62.0,6.8,,1327.0,7.63
1977-12-01,6.56,62.3,6.4,,1336.0,7.58
1978-01-01,6.7,62.7,6.4,2202.76,1329.5,
1978-02-01,6.78,63.0,6.3,,1355.1,7.96
1978-03-01,6.79,63.4,6.3,,1377.5,8.05
1978-04-01,6.89,63.9,6.1,2331.633,1396.4,
1978-05-01,7.36,64.5,6.0,,1412.0,8.24
1978-06-01,7.6,65.0,5.9,,1425.8,8.41
1978-07-01,7.81,65.5,6.2,2395.053,1426.8,
1978-08-01,8.04,65.9,5.9,,1447.0,8.54
1978-09-01,8.45,66.5,6.0,,1452.9,8.38
1978-10-01,8.96,67.1,5.8,2476.949,1466.9,
1978-11-01,9.76,67.5,5.9,,1480.6,8.66
1978-12-01,10.03,67.9,6.0,,1496.5,8.8
1979-01-01,10.07,68.5,5.9,2526.61,1502.4,
1979-02-01,10.06,69.2,5.9,,1517.8,8.94
1979-03-01,10.09,69.9,5.8,,1531.2,9.17
1979-04-01,10.01,70.6,5.8,2591.247,1538.4,
1979-05-01,10.24,71.4,5.6,,1558.8,9.36
1979-06-01,10.29,72.2,5.7,,1575.7,9.05
1979-07-01,10.47,73.0,5.7,2667.565,1586.1,
1979-08-01,10.94,73.7,6.0,,1615.6,8.99
1979-09-01,11.43,74.4,5.9,,1633.9,
1979-10-01,13.77,75.2,6.0,2723.883,1641.6,9.51
1979-11-01,13.18,76.0,5.9,,1657.3,10.79
1979-12-01,13.78,76.9,6.0,,1666.3,
1980-01-01,13.82,78.0,6.3,2789.842,1697.3,
1980-02-01,14.13,79.0,6.3,,1701.4,11.29
1980-03-01,17.19,80.1,6.3,,1708.2,
1980-04-01,17.61,80.9,6.9,2797.352,1695.2,12.69
1980-05-01,10.98,81.7,7.5,,1700.1,10.57
1980-06-01,9.47,82.5,7.6,,1718.8,
1980-07-01,9.03,82.6,7.8,2856.483,1747.1,10.13
1980-08-01,9.61,83.2,7.7,,1763.8,10.76
1980-09-01,10.87,83.9,7.5,,1780.5,
1980-10-01,12.81,84.7,7.5,2985.557,1817.1,11.78
1980-11-01,15.85,85.6,7.5,,1826.8,
1980-12-01,18.9,86.4,7.2,,1851.7,12.92
1981-01-01,19.08,87.2,7.5,3124.206,1870.0,
1981-02-01,15.93,88.0,7.4,,1884.2,
1981-03-01,14.7,88.6,7.4,,1902.9,
1981-04-01,15.72,89.1,7.2,3162.532,1904.4,13.14
1981-05-01,18.52,89.7,7.5,,1913.8,14.05
1981-06-01,19.1,90.5,7.5,,1934.5,13.46
1981-07-01,19.04,91.5,7.2,3260.609,1942.1,14.04
1981-08-01,17.82,92.2,7.4,,1966.6,
1981-09-01,15.87,93.1,7.6,,1965.5,15.41
1981-10-01,15.08,93.4,7.9,3280.818,1963.9,15.75
1981-11-01,13.31,93.8,8.3,,1970.6,
1981-12-01,12.37,94.1,8.5,,1988.8,13.37
1982-01-01,13.22,94.4,8.6,3274.302,1997.1,
1982-02-01,14.78,94.7,8.9,,2021.2,14.58
1982-03-01,14.68,94.7,9.0,,2024.1,13.85
1982-04-01,14.94,95.0,9.3,3331.972,2026.3,14.1
1982-05-01,14.45,95.9,9.4,,2044.5,
1982-06-01,14.15,97.0,9.6,,2048.1,13.93
1982-07-01,12.59,97.5,9.8,3366.322,2072.2,14.4
1982-08-01,10.12,97.7,9.8,,2080.1,
1982-09-01,10.31,97.7,10.1,,2104.6,12.76
1982-10-01,9.71,98.1,10.4,3402.561,2125.8,11.51
1982-11-01,9.2,98.0,10.8,,2149.3,10.56
1982-12-01,8.95,97.7,10.8,,2161.6,10.74
1983-01-01,8.68,97.9,10.4,3473.413,2174.0,
1983-02-01,8.51,98.0,10.4,,2177.0,10.78
1983-03-01,8.77,98.1,10.3,,2202.8,10.22
1983-04-01,8.8,98.8,10.2,3578.848,2226.4,
1983-05-01,8.63,99.2,10.1,,2245.9,
1983-06-01,8.98,99.4,10.1,,2276.0,10.77
1983-07-01,9.37,99.8,9.4,3689.179,2304.4,10.93
1983-08-01,9.56,100.1,9.5,,2320.4,11.8
1983-09-01,9.45,100.4,9.2,,2334.9,11.97
1983-10-01,9.48,100.8,8.8,3794.706,2357.6,
1983-11-01,9.34,101.1,8.5,,2366.3,11.69
1983-12-01,9.47,101.4,8.3,,2393.6,11.63
1984-01-01,9.56,102.1,8.0,3908.054,2419.4,
1984-02-01,9.59,102.6,7.8,,2403.5,11.64
1984-03-01,9.91,102.9,7.8,,2431.6,12.07
1984-04-01,10.29,103.3,7.7,4009.601,2457.5,
1984-05-01,10.32,103.5,7.4,,2474.5,12.82
1984-06-01,11.06,103.7,7.2,,2495.6,13.63
1984-07-01,11.23,104.1,7.5,4084.25,2494.6,
1984-08-01,11.64,104.4,7.5,,2512.2,12.81
1984-09-01,11.3,104.7,7.3,,2533.8,
1984-10-01,9.99,105.1,7.4,4148.551,2531.3,12.54
1984-11-01,9.43,105.3,7.2,,2571.4,11.66
1984-12-01,8.38,105.5,7.3,,2582.6,
1985-01-01,8.35,105.7,7.3,4230.168,2618.8,
1985-02-01,8.5,106.3,7.2,,2640.8,11.29
1985-03-01,8.58,106.8,7.2,,2648.5,11.86
1985-04-01,8.27,107.0,7.3,4294.887,2659.5,11.66
1985-05-01,7.97,107.2,7.2,,2696.4,11.27
1985-06-01,7.53,107.5,7.4,,2689.4,
1985-07-01,7.88,107.7,7.4,4386.773,2715.7,10.19
1985-08-01,7.9,107.9,7.1,,2752.1,10.51
1985-09-01,7.92,108.1,7.1,,2794.7,
1985-10-01,7.99,108.5,7.1,4444.094,2755.8,10.29
1985-11-01,8.05,109.0,7.0,,2771.1,9.98
1985-12-01,8.27,109.5,7.0,,2811.3,
1986-01-01,8.14,109.9,6.7,4507.894,2827.1,
1986-02-01,7.86,109.7,7.2,,2820.2,
1986-03-01,7.48,109.1,7.2,,2823.6,
1986-04-01,6.99,108.7,7.1,4545.34,2835.2,7.37
1986-05-01,6.85,109.0,7.2,,2857.5,7.45
1986-06-01,6.92,109.4,7.2,,2861.7,
1986-07-01,6.56,109.5,7.0,4607.669,2881.2,7.37
1986-08-01,6.17,109.6,6.9,,2898.6,7.34
1986-09-01,5.89,110.0,7.0,,2971.8,
1986-10-01,5.85,110.2,7.0,4657.627,2932.9,7.41
1986-11-01,6.04,110.4,6.9,,2928.4,
1986-12-01,6.91,110.8,6.6,,2997.1,7.18
1987-01-01,6.43,111.4,6.6,4722.156,2935.5,
1987-02-01,6.1,111.8,6.6,,3001.7,
1987-03-01,6.13,112.2,6.6,,3013.3,
1987-04-01,6.37,112.7,6.3,4806.16,3038.8,7.59
1987-05-01,6.85,113.0,6.3,,3048.4,8.39
1987-06-01,6.73,113.5,6.2,,3072.8,8.45
1987-07-01,6.58,113.8,6.1,4884.555,3094.7,8.36
1987-08-01,6.73,114.3,6.0,,3130.8,
1987-09-01,7.22,114.7,5.9,,3126.5,9.05
1987-10-01,7.29,115.0,6.0,5007.994,3134.5,9.66
1987-11-01,6.69,115.4,5.8,,3144.2,
1987-12-01,6.77,115.6,5.7,,3174.1,9.01
1988-01-01,6.83,116.0,5.7,5073.372,3213.7,
1988-02-01,6.58,116.2,5.7,,3221.4,8.26
1988-03-01,6.58,116.5,5.7,,3260.5,8.15
1988-04-01,6.87,117.2,5.4,5190.036,3263.0,
1988-05-01,7.09,117.5,5.6,,3293.6,
1988-06-01,7.51,118.0,5.4,,3318.5,9.03
1988-07-01,7.75,118.5,5.4,5282.835,3342.7,8.77
1988-08-01,8.01,119.0,5.6,,3368.0,9.07
1988-09-01,8.19,119.5,5.4,,3375.0,9.25
1988-10-01,8.3,119.9,5.4,5399.509,3413.7,
1988-11-01,8.35,120.3,5.3,,3430.2,8.68
1988-12-01,8.76,120.7,5.3,,3459.7,9.01
1989-01-01,9.12,121.2,5.4,5511.253,3483.7,
1989-02-01,9.36,121.6,5.2,,3488.0,8.99
1989-03-01,9.85,122.2,5.0,,3498.8,9.36
1989-04-01,9.84,123.1,5.2,5612.463,3543.0,
1989-05-01,9.81,123.7,5.2,,3551.8,9.14
1989-06-01,9.53,124.1,5.3,,3566.6,8.61
1989-07-01,9.24,124.5,5.2,5695.365,3585.7,
1989-08-01,8.99,124.5,5.2,,3620.6,7.74
1989-09-01,9.02,124.8,5.3,,3621.9,8.19
1989-10-01,8.84,125.4,5.3,5747.237,3633.6,
1989-11-01,8.55,125.9,5.4,,3643.3,7.91
1989-12-01,8.45,126.3,5.4,,3684.2,7.81
1990-01-01,8.23,127.5,5.4,5872.701,3730.7,
1990-02-01,8.24,128.0,5.3,,3728.2,8.42
1990-03-01,8.28,128.6,5.2,,3754.9,8.59
1990-04-01,8.26,128.9,5.4,5960.028,3770.0,
1990-05-01,8.18,129.1,5.4,,3775.8,9.08
1990-06-01,8.29,129.9,5.2,,3804.5,8.44
1990-07-01,8.15,130.5,5.5,6015.116,3821.7,
1990-08-01,8.13,131.6,5.7,,3848.3,8.29
1990-09-01,8.2,132.5,5.9,,3870.1,
1990-10-01,8.11,133.4,5.9,6004.733,3870.6,8.71
1990-11-01,7.81,133.7,6.2,,3871.9,8.57
1990-12-01,7.31,134.2,6.3,,3861.3,
1991-01-01,6.91,134.7,6.4,6035.178,3841.0,
1991-02-01,6.25,134.8,6.6,,3866.7,7.91
1991-03-01,6.12,134.8,6.8,,3913.0,8.12
1991-04-01,5.91,135.1,6.7,6126.862,3907.1,8.07
1991-05-01,5.78,135.6,6.9,,3933.2,8.01
1991-06-01,5.9,136.0,6.9,,3940.5,
1991-07-01,5.82,136.2,6.8,6205.937,3966.0,8.26
1991-08-01,5.66,136.6,6.9,,3969.1,8.2
1991-09-01,5.45,137.0,6.9,,3984.7,
1991-10-01,5.21,137.2,7.0,6264.54,3976.0,7.45
1991-11-01,4.81,137.8,7.0,,4003.6,7.48
1991-12-01,4.43,138.2,7.3,,4020.5,
1992-01-01,4.03,138.3,7.3,6363.102,4084.7,
1992-02-01,4.06,138.6,7.4,,4099.5,
1992-03-01,3.98,139.1,7.4,,4117.0,
1992-04-01,3.73,139.4,7.4,6470.763,4131.5,7.46
1992-05-01,3.82,139.7,7.6,,4158.4,7.56
1992-06-01,3.76,140.1,7.8,,4177.1,7.39
1992-07-01,3.25,140.5,7.7,6566.641,4204.8,7.1
1992-08-01,3.3,140.8,7.6,,4220.9,
1992-09-01,3.22,141.1,7.6,,4255.3,6.56
1992-10-01,3.1,141.7,7.3,6680.803,4284.7,6.23
1992-11-01,3.09,142.1,7.4,,4300.5,
1992-12-01,2.92,142.3,7.4,,4336.4,6.94
1993-01-01,3.02,142.8,7.3,6729.459,4340.7,
1993-02-01,3.03,143.1,7.1,,4355.3,6.38
1993-03-01,3.07,143.3,7.0,,4352.5,5.94
1993-04-01,2.96,143.8,7.1,6808.939,4393.4,6.06
1993-05-01,3.0,144.2,7.1,,4422.4,
1993-06-01,3.04,144.3,7.0,,4440.0,6.07
1993-07-01,3.06,144.5,6.9,6882.098,4468.9,5.8
1993-08-01,3.03,144.8,6.8,,4481.1,
1993-09-01,3.09,145.0,6.7,,4511.5,5.46
1993-10-01,2.99,145.6,6.8,7013.738,4532.8,5.34
1993-11-01,3.02,146.0,6.6,,4554.1,5.56
1993-12-01,2.96,146.3,6.5,,4571.1,5.82
1994-01-01,3.05,146.3,6.6,7115.652,4585.1,
1994-02-01,3.25,146.7,6.6,,4632.6,5.77
1994-03-01,3.34,147.1,6.5,,4646.0,6.28
1994-04-01,3.56,147.2,6.4,7246.931,4671.1,
1994-05-01,4.01,147.5,6.1,,4669.5,
1994-06-01,4.25,147.9,6.1,,4708.9,7.12
1994-07-01,4.26,148.4,6.1,7331.075,4720.6,7.34
1994-08-01,4.47,149.0,6.0,,4762.6,7.13
1994-09-01,4.73,149.3,5.9,,4775.0,7.19
1994-10-01,4.76,149.4,5.8,7455.288,4812.9,
1994-11-01,5.29,149.8,5.6,,4825.6,7.91
1994-12-01,5.45,150.1,5.5,,4841.6,7.92
1995-01-01,5.53,150.5,5.6,7522.289,4851.2,
1995-02-01,5.92,150.9,5.4,,4850.8,7.66
1995-03-01,5.98,151.2,5.4,,4885.4,7.23
1995-04-01,6.05,151.8,5.8,7580.997,4890.2,
1995-05-01,6.01,152.1,5.6,,4933.1,7.09
1995-06-01,6.0,152.4,5.6,,4977.5,6.2
1995-07-01,5.85,152.6,5.7,7683.125,4970.2,
1995-08-01,5.74,152.9,5.7,,5005.3,6.5
1995-09-01,5.8,153.1,5.6,,5020.5,6.22
1995-10-01,5.76,153.5,5.5,7772.586,5013.9,
1995-11-01,5.8,153.7,5.6,,5055.6,5.98
1995-12-01,5.6,153.9,5.6,,5097.5,5.71
1996-01-01,5.56,154.7,5.6,7868.468,5085.7,
1996-02-01,5.22,155.0,5.5,,5132.8,5.63
1996-03-01,5.31,155.5,5.5,,5173.3,5.99
1996-04-01,5.22,156.1,5.6,8032.84,5208.0,6.31
1996-05-01,5.24,156.4,5.6,,5223.8,6.68
1996-06-01,5.27,156.7,5.3,,5229.8,
1996-07-01,5.4,157.0,5.5,8131.408,5251.9,6.74
1996-08-01,5.22,157.2,5.1,,5275.0,6.65
1996-09-01,5.3,157.7,5.2,,5296.6,
1996-10-01,5.24,158.2,5.2,8259.771,5328.5,6.65
1996-11-01,5.31,158.7,5.4,,5351.2,6.38
1996-12-01,5.29,159.1,5.4,,5378.6,
1997-01-01,5.25,159.4,5.3,8362.655,5411.1,
1997-02-01,5.19,159.7,5.2,,5434.0,
1997-03-01,5.39,159.8,5.2,,5454.2,
1997-04-01,5.51,159.9,5.1,8518.825,5459.3,6.9
1997-05-01,5.5,159.9,4.9,,5460.2,6.69
1997-06-01,5.56,160.2,5.0,,5494.2,
1997-07-01,5.52,160.4,4.9,8662.823,5548.8,6.45
1997-08-01,5.54,160.8,4.8,,5587.0,6.2
1997-09-01,5.54,161.2,4.9,,5601.7,
1997-10-01,5.5,161.5,4.7,8765.907,5637.7,6.04
1997-11-01,5.52,161.7,4.6,,5661.1,
1997-12-01,5.5,161.8,4.7,,5692.1,5.86
1998-01-01,5.56,162.0,4.6,8866.48,5689.9,
1998-02-01,5.51,162.0,4.6,,5723.8,
1998-03-01,5.49,162.0,4.7,,5750.3,
1998-04-01,5.45,162.2,4.3,8969.699,5788.1,5.62
1998-05-01,5.49,162.6,4.4,,5837.9,5.67
1998-06-01,5.56,162.8,4.5,,5871.7,5.53
1998-07-01,5.54,163.2,4.5,9121.097,5890.0,5.44
1998-08-01,5.55,163.4,4.5,,5925.0,
1998-09-01,5.51,163.5,4.6,,5965.6,5.05
1998-10-01,5.07,163.9,4.5,9293.991,5998.8,4.33
1998-11-01,4.83,164.1,4.4,,6015.4,
1998-12-01,4.68,164.4,4.4,,6070.5,4.67
1999-01-01,4.63,164.7,4.3,9411.682,6073.9,
1999-02-01,4.76,164.7,4.4,,6099.2,4.75
1999-03-01,4.81,164.8,4.2,,6133.0,5.4
1999-04-01,4.74,165.9,4.3,9526.21,6199.5,5.27
1999-05-01,4.74,166.0,4.2,,6232.1,
1999-06-01,4.76,166.0,4.3,,6260.3,5.78
1999-07-01,4.99,166.7,4.3,9686.626,6287.6,5.85
1999-08-01,5.07,167.1,4.2,,6331.9,
1999-09-01,5.22,167.8,4.2,,6386.5,5.99
1999-10-01,5.2,168.1,4.1,9900.169,6411.4,6.0
1999-11-01,5.42,168.4,4.1,,6448.7,6.06
1999-12-01,5.3,168.8,4.0,,6541.0,6.21
2000-01-01,5.45,169.3,4.0,10002.179,6542.9,
2000-02-01,5.73,170.0,4.1,,6625.3,6.62
2000-03-01,5.85,171.0,4.0,,6686.5,6.39
2000-04-01,6.02,170.9,3.8,10247.72,6679.1,
2000-05-01,6.27,171.2,4.0,,6709.7,6.29
2000-06-01,6.53,172.2,4.0,,6746.9,6.2
2000-07-01,6.54,172.7,4.0,10318.165,6768.5,
2000-08-01,6.5,172.7,4.1,,6802.8,6.0
2000-09-01,6.52,173.6,3.9,,6888.6,5.68
2000-10-01,6.51,173.9,3.9,10435.744,6893.8,
2000-11-01,6.51,174.2,3.9,,6909.8,5.74
2000-12-01,6.4,174.6,3.9,,6952.2,5.52
2001-01-01,5.98,175.6,4.2,10470.231,6987.4,
2001-02-01,5.49,176.0,4.2,,7001.8,5.1
2001-03-01,5.31,176.1,4.3,,6996.7,4.87
2001-04-01,4.8,176.4,4.4,10599.0,7004.2,
2001-05-01,4.21,177.3,4.3,,7052.8,5.3
2001-06-01,3.97,177.7,4.5,,7069.7,5.39
2001-07-01,3.77,177.4,4.6,10598.02,7082.3,
2001-08-01,3.65,177.4,4.9,,7121.7,5.11
2001-09-01,3.07,178.1,5.0,,7007.0,
2001-10-01,2.49,177.6,5.3,10660.465,7212.9,4.55
2001-11-01,2.09,177.5,5.5,,7182.3,4.24
2001-12-01,1.82,177.4,5.7,,7166.7,
2002-01-01,1.73,177.7,5.7,10783.5,7184.6,
2002-02-01,1.74,178.0,5.7,,7225.2,5.02
2002-03-01,1.73,178.5,5.7,,7243.4,4.98
2002-04-01,1.75,179.3,5.9,10887.46,7312.5,5.44
2002-05-01,1.75,179.5,5.8,,7288.9,5.08
2002-06-01,1.75,179.6,5.8,,7322.5,
2002-07-01,1.73,180.0,5.8,10984.04,7387.3,4.85
2002-08-01,1.74,180.5,5.7,,7412.6,4.47
2002-09-01,1.75,180.8,5.7,,7391.5,
2002-10-01,1.75,181.2,5.7,11061.433,7435.2,3.72
2002-11-01,1.34,181.5,5.9,,7463.8,4.01
2002-12-01,1.24,181.8,6.0,,7519.9,
2003-01-01,1.24,182.6,5.8,11174.129,7541.3,
2003-02-01,1.26,183.6,5.9,,7548.6,
2003-03-01,1.25,183.9,5.9,,7611.5,
2003-04-01,1.26,183.2,6.0,11312.766,7634.5,3.84
2003-05-01,1.26,182.9,6.1,,7650.3,3.88
2003-06-01,1.22,183.1,6.3,,7699.6,
2003-07-01,1.01,183.7,6.2,11566.669,7757.0,3.56
2003-08-01,1.03,184.5,6.1,,7852.1,4.44
2003-09-01,1.01,185.1,6.1,,7853.7,
2003-10-01,1.01,184.9,6.0,11772.234,7867.4,3.96
2003-11-01,1.0,185.0,5.8,,7922.6,
2003-12-01,0.98,185.5,5.7,,7950.4,4.4
2004-01-01,1.0,186.3,5.7,11923.447,8007.1,
2004-02-01,1.01,186.7,5.6,,8040.4,
2004-03-01,1.0,187.1,5.8,,8098.8,4.0
2004-04-01,1.0,187.4,5.6,12112.815,8107.2,3.91
2004-05-01,1.0,188.2,5.6,,8176.5,
2004-06-01,1.03,188.9,5.6,,8157.6,4.71
2004-07-01,1.26,189.1,5.5,12305.307,8236.9,4.57
2004-08-01,1.43,189.2,5.4,,8271.6,
2004-09-01,1.61,189.8,5.4,,8341.5,4.13
2004-10-01,1.76,190.8,5.5,12527.214,8397.1,4.21
2004-11-01,1.93,191.7,5.4,,8444.5,4.11
2004-12-01,2.16,191.7,5.4,,8504.4,4.38
2005-01-01,2.28,191.6,5.3,12767.286,8497.7,
2005-02-01,2.5,192.4,5.4,,8559.1,4.15
2005-03-01,2.63,193.1,5.2,,8598.4,4.38
2005-04-01,2.79,193.7,5.2,12922.656,8678.4,4.46
2005-05-01,3.0,193.6,5.1,,8671.6,
2005-06-01,3.04,193.7,5.0,,8753.4,3.91
2005-07-01,3.26,194.9,5.0,13142.642,8853.8,4.06
2005-08-01,3.5,196.1,4.9,,8850.1,4.32
2005-09-01,3.62,198.8,5.0,,8900.4,4.02
2005-10-01,3.78,199.1,5.0,13324.204,8938.5,
2005-11-01,4.0,198.1,5.0,,8946.2,4.58
2005-12-01,4.16,198.1,4.9,,8981.1,4.52
2006-01-01,4.29,199.3,4.7,13599.16,9071.6,
2006-02-01,4.49,199.4,4.8,,9096.0,4.57
2006-03-01,4.59,199.7,4.7,,9132.9,4.59
2006-04-01,4.79,200.7,4.7,13753.424,9191.6,
2006-05-01,4.94,201.3,4.6,,9231.8,5.14
2006-06-01,4.99,201.8,4.6,,9259.6,5.11
2006-07-01,5.24,202.9,4.7,13870.188,9343.8,
2006-08-01,5.25,203.8,4.7,,9342.2,4.99
2006-09-01,5.25,202.8,4.5,,9375.4,4.73
2006-10-01,5.25,201.9,4.4,14039.56,9393.6,
2006-11-01,5.25,202.0,4.5,,9400.2,4.57
2006-12-01,5.24,203.1,4.4,,9488.3,4.43
2007-01-01,5.25,203.437,4.6,14215.651,9538.7,
2007-02-01,5.26,204.226,4.5,,9566.0,4.84
2007-03-01,5.26,205.288,4.4,,9611.7,4.56
2007-04-01,5.25,205.904,4.5,14402.082,9643.6,
2007-05-01,5.25,206.755,4.4,,9685.8,4.64
2007-06-01,5.25,207.234,4.6,,9706.8,4.95
2007-07-01,5.26,207.603,4.7,14564.117,9751.1,
2007-08-01,5.02,207.667,4.6,,9798.9,4.76
2007-09-01,4.94,208.547,4.7,,9845.1,
2007-10-01,4.76,209.19,4.7,14715.058,9882.7,4.56
2007-11-01,4.49,210.834,4.7,,9955.9,4.36
2007-12-01,4.24,211.445,5.0,,9972.8,
2008-01-01,3.94,212.174,5.0,14706.538,9996.4,
2008-02-01,2.98,212.687,4.9,,9981.7,3.62
2008-03-01,2.61,213.448,5.1,,10035.3,
2008-04-01,2.28,213.942,5.0,14865.701,10070.3,3.57
2008-05-01,1.98,215.208,5.4,,10132.3,3.78
2008-06-01,2.0,217.463,5.6,,10187.1,
2008-07-01,2.01,219.016,5.8,14898.999,10185.1,4.01
2008-08-01,2.0,218.69,6.1,,10175.7,3.97
2008-09-01,1.81,218.877,6.1,,10116.4,
2008-10-01,0.97,216.995,6.5,14608.209,10034.1,3.77
2008-11-01,0.39,213.153,6.8,,9885.2,
2008-12-01,0.16,211.398,7.3,,9801.5,2.72
2009-01-01,0.15,211.933,7.8,14430.902,9847.2,
2009-02-01,0.22,212.705,8.3,,9824.5,
2009-03-01,0.18,212.495,8.7,,9773.2,
2009-04-01,0.15,212.709,9.0,14381.236,9772.5,2.68
2009-05-01,0.18,213.022,9.4,,9791.6,3.21
2009-06-01,0.21,214.79,9.5,,9852.4,3.71
2009-07-01,0.16,214.726,9.5,14448.882,9886.3,3.55
2009-08-01,0.16,215.445,9.6,,10004.1,
2009-09-01,0.15,215.861,9.8,,9927.8,3.38
2009-10-01,0.12,216.509,10.0,14651.249,9976.7,3.21
2009-11-01,0.12,217.234,9.9,,9985.7,
2009-12-01,0.12,217.347,9.9,,10052.6,3.28
2010-01-01,0.11,217.488,9.8,14764.61,10056.1,
2010-02-01,0.13,217.281,9.8,,10093.4,3.68
2010-03-01,0.16,217.353,9.9,,10156.0,3.61
2010-04-01,0.2,217.403,9.9,14980.193,10182.3,3.89
2010-05-01,0.2,217.29,9.6,,10210.8,
2010-06-01,0.18,217.199,9.4,,10231.3,3.29
2010-07-01,0.18,217.605,9.4,15141.607,10268.1,2.96
2010-08-01,0.19,217.923,9.5,,10307.1,
2010-09-01,0.19,218.275,9.5,,10327.1,2.58
2010-10-01,0.19,219.035,9.4,15309.474,10386.4,2.54
2010-11-01,0.19,219.59,9.8,,10433.6,2.66
2010-12-01,0.18,220.472,9.3,,10471.0,2.97
2011-01-01,0.17,221.187,9.1,15351.448,10514.3,
2011-02-01,0.16,221.898,9.0,,10540.6,3.48
2011-03-01,0.14,223.046,9.0,,10619.7,3.41
2011-04-01,0.1,224.093,9.1,15557.539,10652.1,3.46
2011-05-01,0.09,224.806,9.0,,10672.2,
2011-06-01,0.09,224.806,9.1,,10694.8,2.96
2011-07-01,0.07,225.395,9.0,15647.68,10731.6,3.22
2011-08-01,0.1,226.106,9.0,,10750.3,2.77
2011-09-01,0.08,226.597,9.0,,10783.2,2.15
2011-10-01,0.07,226.75,8.8,15842.259,10802.9,
2011-11-01,0.08,227.169,8.6,,10806.8,2.01
2011-12-01,0.07,227.223,8.5,,10817.8,2.11
2012-01-01,0.08,227.842,8.3,16068.805,10896.8,
2012-02-01,0.1,228.329,8.3,,10987.2,1.87
2012-03-01,0.13,228.807,8.2,,10993.9,2.03
2012-04-01,0.14,229.187,8.2,16207.115,11018.5,
2012-05-01,0.16,228.713,8.2,,11006.8,1.98
2012-06-01,0.16,228.524,8.2,,10989.8,1.47
2012-07-01,0.16,228.59,8.2,16319.541,11016.8,
2012-08-01,0.13,229.918,8.1,,11056.0,1.56
2012-09-01,0.14,231.015,7.8,,11105.3,
2012-10-01,0.16,231.638,7.8,16420.419,11137.4,1.64
2012-11-01,0.16,231.249,7.7,,11178.4,1.75
2012-12-01,0.16,231.221,7.9,,11181.2,
2013-01-01,0.14,231.679,8.0,16648.189,11252.4,
2013-02-01,0.15,232.937,7.7,,11290.5,2.04
2013-03-01,0.14,232.282,7.5,,11290.1,1.86
2013-04-01,0.15,231.797,7.6,16728.687,11281.1,1.86
2013-05-01,0.11,231.893,7.5,,11321.6,1.66
2013-06-01,0.09,232.445,7.5,,11344.4,
2013-07-01,0.09,232.9,7.3,16953.838,11372.6,2.5
2013-08-01,0.08,233.456,7.2,,11406.6,2.74
2013-09-01,0.08,233.544,7.2,,11445.9,
2013-10-01,0.09,233.669,7.2,17192.019,11498.0,2.66
2013-11-01,0.08,234.1,6.9,,11562.5,2.65
2013-12-01,0.09,234.719,6.7,,11593.2,
2014-01-01,0.07,235.288,6.6,17197.738,11578.8,
2014-02-01,0.07,235.547,6.7,,11636.9,
2014-03-01,0.08,236.028,6.7,,11722.3,
2014-04-01,0.09,236.468,6.2,17518.508,11762.3,2.77
2014-05-01,0.09,236.918,6.3,,11807.3,2.63
2014-06-01,0.1,237.231,6.1,,11861.7,
2014-07-01,0.09,237.498,6.2,17804.228,11904.4,2.58
2014-08-01,0.09,237.46,6.1,,11983.7,2.52
2014-09-01,0.09,237.477,5.9,,11991.4,
2014-10-01,0.09,237.43,5.7,17912.079,12064.7,2.42
2014-11-01,0.09,236.983,5.8,,12083.9,
2014-12-01,0.12,236.252,5.6,,12096.1,2.22
2015-01-01,0.11,234.747,5.7,18063.529,12066.7,
2015-02-01,0.11,235.342,5.5,,12116.6,
2015-03-01,0.11,235.976,5.4,,12176.1,
2015-04-01,0.12,236.222,5.4,18279.784,12209.1,1.87
2015-05-01,0.12,237.001,5.6,,12275.4,2.12
2015-06-01,0.13,237.657,5.3,,12307.9,2.19
2015-07-01,0.13,238.034,5.2,18401.626,12364.9,2.43
2015-08-01,0.14,238.033,5.1,,12396.2,
2015-09-01,0.14,237.498,5.0,,12386.4,2.17
2015-10-01,0.12,237.733,5.0,18435.137,12394.9,2.05
2015-11-01,0.12,238.017,5.1,,12423.2,
2015-12-01,0.24,237.761,5.0,,12452.0,2.15
2016-01-01,0.34,237.652,4.8,18525.933,12478.0,
2016-02-01,0.38,237.336,4.9,,12554.5,1.97
2016-03-01,0.36,238.08,5.0,,12537.0,1.83
2016-04-01,0.37,238.992,5.1,18711.702,12611.5,1.79
2016-05-01,0.37,239.557,4.8,,12652.7,
2016-06-01,0.38,240.222,4.9,,12731.2,1.85
2016-07-01,0.39,240.101,4.8,18892.639,12756.7,1.46
2016-08-01,0.4,240.545,4.9,,12788.1,1.51
2016-09-01,0.4,241.176,5.0,,12846.6,1.57
2016-10-01,0.4,241.741,4.9,19089.379,12867.0,
2016-11-01,0.41,242.026,4.7,,12893.0,1.83
2016-12-01,0.54,242.637,4.7,,13005.9,2.45
2017-01-01,0.65,243.618,4.7,19280.084,13063.7,
2017-02-01,0.66,244.006,4.6,,13088.4,2.48
2017-03-01,0.79,243.892,4.4,,13139.9,2.46
2017-04-01,0.9,244.193,4.4,19438.643,13169.2,
2017-05-01,0.91,244.004,4.4,,13171.9,2.33
2017-06-01,1.04,244.163,4.3,,13225.2,2.21
2017-07-01,1.15,244.243,4.3,19692.595,13263.3,
2017-08-01,1.16,245.183,4.4,,13294.6,2.26
2017-09-01,1.15,246.435,4.3,,13417.3,2.16
2017-10-01,1.15,246.626,4.2,20037.088,13447.5,
2017-11-01,1.16,247.284,4.2,,13540.6,2.37
2017-12-01,1.3,247.805,4.1,,13666.1,2.37
2018-01-01,1.41,248.859,4.0,20328.553,13703.3,
2018-02-01,1.42,249.529,4.1,,13738.7,2.78
2018-03-01,1.51,249.577,4.0,,13793.2,2.81
2018-04-01,1.69,250.227,4.0,20580.912,13838.4,
2018-05-01,1.7,250.792,3.8,,13905.0,2.97
2018-06-01,1.82,251.018,4.0,,13930.4,2.89
2018-07-01,1.91,251.214,3.8,20798.73,13974.8,
2018-08-01,1.91,251.663,3.8,,14014.0,3.0
2018-09-01,1.95,252.182,3.7,,14017.8,
2018-10-01,2.19,252.772,3.8,20917.867,14083.1,3.09
2018-11-01,2.2,252.594,3.8,,14162.9,3.14
2018-12-01,2.27,252.767,3.9,,14051.6,
2019-01-01,2.4,252.561,4.0,21111.6,14084.6,
2019-02-01,2.4,253.319,3.8,,14117.4,2.7
2019-03-01,2.41,254.277,3.8,,14248.6,2.76
2019-04-01,2.42,255.233,3.7,21397.938,14290.0,2.49
2019-05-01,2.39,255.296,3.6,,14353.3,2.52
2019-06-01,2.38,255.213,3.6,,14408.7,
2019-07-01,2.4,255.802,3.7,21717.171,14496.0,2.03
2019-08-01,2.13,256.036,3.6,,14558.2,1.9
2019-09-01,2.04,256.43,3.5,,14590.6,
2019-10-01,1.83,257.155,3.6,21933.217,14617.4,1.65
2019-11-01,1.55,257.879,3.6,,14711.0,1.73
2019-12-01,1.55,258.63,3.6,,14774.8,
2020-01-01,1.55,259.127,3.6,21751.238,14868.3,
2020-02-01,1.58,259.25,3.5,,14828.1,
2020-03-01,0.65,258.076,4.4,,13812.8,
2020-04-01,0.05,256.032,14.8,19958.291,12249.2,0.62
2020-05-01,0.05,255.802,13.2,,13281.5,0.64
2020-06-01,0.08,257.042,11.0,,14049.2,0.66
2020-07-01,0.09,258.352,10.2,21704.437,14307.2,0.69
2020-08-01,0.1,259.316,8.4,,14462.2,
2020-09-01,0.09,259.997,7.8,,14668.1,0.68
2020-10-01,0.09,260.319,6.9,22087.16,14725.8,0.68
2020-11-01,0.09,260.911,6.7,,14701.6,
2020-12-01,0.09,262.045,6.7,,14822.0,0.92
2021-01-01,0.09,262.687,6.4,22680.693,15073.0,
2021-02-01,0.08,263.579,6.2,,14983.5,1.09
2021-03-01,0.07,264.961,6.1,,15709.7,1.45
2021-04-01,0.07,266.614,6.1,23425.91,15917.5,1.69
2021-05-01,0.06,268.383,5.8,,15973.5,
2021-06-01,0.08,270.654,5.9,,16191.7,1.62
2021-07-01,0.1,271.903,5.4,23982.379,16239.7,1.48
2021-08-01,0.09,272.676,5.1,,16412.9,
2021-09-01,0.08,273.91,4.7,,16489.6,1.31
2021-10-01,0.08,276.55,4.5,24813.6,16704.2,1.48
2021-11-01,0.08,278.919,4.1,,16849.8,1.58
2021-12-01,0.08,280.845,3.9,,16891.0,1.43
2022-01-01,0.08,282.543,4.0,25250.347,16993.8,
2022-02-01,0.08,284.5,3.9,,17106.0,1.81
2022-03-01,0.2,287.674,3.7,,17347.2,1.72
2022-04-01,0.33,288.561,3.7,25861.292,17490.0,2.39
2022-05-01,0.77,291.298,3.6,,17574.5,
2022-06-01,1.21,294.957,3.6,,17755.2,2.94
2022-07-01,1.68,294.913,3.5,26336.304,17770.1,2.88
2022-08-01,2.33,295.097,3.6,,17916.5,2.6
2022-09-01,2.56,296.349,3.5,,17992.8,3.26
2022-10-01,3.08,298.007,3.6,26770.514,18109.6,
2022-11-01,3.78,298.786,3.6,,18108.0,4.07
2022-12-01,4.1,298.832,3.5,,18116.5,3.53
2023-01-01,4.33,300.42,3.5,27216.445,18449.1,
2023-02-01,4.57,301.45,3.6,,18491.6,3.39
2023-03-01,4.65,301.821,3.5,,18520.4,4.01
2023-04-01,4.83,302.845,3.4,27530.055,18641.8,
2023-05-01,5.06,303.334,3.6,,18664.6,3.59
2023-06-01,5.08,304.014,3.6,,18773.0,3.61
2023-07-01,5.12,304.609,3.5,28074.846,18884.2,
2023-08-01,5.33,306.082,3.7,,18953.3,4.05
2023-09-01,5.33,307.276,3.7,,19048.1,4.18
2023-10-01,5.33,307.696,3.9,28424.722,19109.4,
2023-11-01,5.33,308.148,3.7,,19178.9,4.77
2023-12-01,5.33,308.741,3.8,,19283.5,4.22
2024-01-01,5.33,309.698,3.7,28708.161,19303.3,
2024-02-01,5.33,310.967,3.9,,19446.5,3.87
2024-03-01,5.33,312.345,3.9,,19581.8,4.19
2024-04-01,5.33,313.023,3.9,29147.044,19665.7,4.33
2024-05-01,5.33,313.175,3.9,,19758.0,4.63
2024-06-01,5.33,313.044,4.1,,19844.5,
2024-07-01,5.33,313.569,4.2,29511.664,19949.5,4.48
2024-08-01,5.33,314.062,4.2,,20001.3,3.99
2024-09-01,5.13,314.732,4.1,,20147.6,
2024-10-01,4.83,315.631,4.1,29825.182,20226.0,3.74
2024-11-01,4.64,316.528,4.2,,20313.6,4.37
2024-12-01,4.48,317.604,4.1,,20514.3,
2025-01-01,4.33,318.961,4.0,30042.113,20462.2,
2025-02-01,4.33,319.679,4.2,,20519.8,
2025-03-01,4.33,319.785,4.2,,20683.0,
2025-04-01,4.33,320.302,4.2,30485.729,20746.4,4.17
2025-05-01,4.33,320.62,4.3,,20755.0,4.25
2025-06-01,4.33,321.435,4.1,,20868.4,
2025-07-01,4.33,322.169,4.3,31098.027,21007.3,4.26
2025-08-01,4.33,323.291,4.3,,21123.8,4.23
2025-09-01,4.22,324.245,4.4,,21202.4,
2025-10-01,4.09,,,31422.526,21288.1,4.12
2025-11-01,3.88,325.063,4.5,,21356.0,
2025-12-01,3.72,326.031,4.4,,21445.9,4.09
2026-01-01,3.64,326.588,4.3,31865.721,21478.7,
2026-02-01,3.64,327.46,4.4,,21611.4,
2026-03-01,3.64,330.293,4.3,,21814.7,
2026-04-01,3.64,332.407,4.3,32486.066,21949.5,4.33
2026-05-01,3.63,333.979,4.3,,22136.8,4.39
2026-06-01,3.63,332.568,4.2,,22214.2,4.47
2026-07-01,3.63,332.813,4.1,,22250.4,4.48
