date,source,title,description,text,url,sentiment,confidence,sentiment_score
2026-07-27,PRNewswire,Aurelion Reports Third Fiscal Quarter 2026 Financial Results,"HONG KONG, July 27, 2026 /PRNewswire/ -- Aurelion Inc. (NASDAQ: AURE) (""Aurelion"" or the ""Company""), a digital gold infrastructure company, today announced its unaudited financial results for the quarter ended June 30, 2026. ""We're transforming Aurelion into …","Aurelion Reports Third Fiscal Quarter 2026 Financial Results. HONG KONG, July 27, 2026 /PRNewswire/ -- Aurelion Inc. (NASDAQ: AURE) (""Aurelion"" or the ""Company""), a digital gold infrastructure company, today announced its unaudited financial results for the quarter ended June 30, 2026. ""We're transforming Aurelion into …",https://www.prnewswire.com/news-releases/aurelion-reports-third-fiscal-quarter-2026-financial-results-302835380.html,neutral,0.7754,0
2026-07-30,Advfn.com,Gold Pulls Back as Dollar Strength and Fed Outlook Weigh on Bullion,Gold prices moved lower on Thursday after investors reassessed Federal Reserve Chair Kevin Warsh’s comments on inflation following the central bank’s decisio...,Gold Pulls Back as Dollar Strength and Fed Outlook Weigh on Bullion. Gold prices moved lower on Thursday after investors reassessed Federal Reserve Chair Kevin Warsh’s comments on inflation following the central bank’s decisio...,https://investorshub.advfn.com/market-news/article/33029/gold-pulls-back-as-dollar-strength-and-fed-outlook-weigh-on-bullion,negative,0.9675,-1
2026-08-04,Advfn.com,Gold Holds Firm as Traders Await U.S. Employment Data and Monitor Middle East Developments,Gold prices traded slightly higher on Tuesday as investors remained focused on a busy week of U. S.,Gold Holds Firm as Traders Await U.S. Employment Data and Monitor Middle East Developments. Gold prices traded slightly higher on Tuesday as investors remained focused on a busy week of U. S.,https://investorshub.advfn.com/market-news/article/33282/gold-holds-firm-as-traders-await-u-s-employment-data-and-monitor-middle-east-developments,positive,0.908,1
2026-08-05,Advfn.com,"Gold climbs above $4,200 as easing inflation concerns lift precious metals","Gold prices surged by more than 2% on Wednesday, with futures moving above the $4,200-an-ounce mark as optimism surrounding a potential agreement to reopen t...","Gold climbs above $4,200 as easing inflation concerns lift precious metals. Gold prices surged by more than 2% on Wednesday, with futures moving above the $4,200-an-ounce mark as optimism surrounding a potential agreement to reopen t...",https://investorshub.advfn.com/market-news/article/33445/gold-climbs-above-4200-as-easing-inflation-concerns-lift-precious-metals,positive,0.938,1
2026-08-06,Advfn.com,Gold holds near seven-week peak as Hormuz hopes offset Fed tightening concerns,"Gold prices eased from earlier highs on Thursday but continued to trade close to their strongest level in seven weeks, as growing optimism over a possible ag...","Gold holds near seven-week peak as Hormuz hopes offset Fed tightening concerns. Gold prices eased from earlier highs on Thursday but continued to trade close to their strongest level in seven weeks, as growing optimism over a possible ag...",https://investorshub.advfn.com/market-news/article/33568/gold-holds-near-seven-week-peak-as-hormuz-hopes-offset-fed-tightening-concerns,positive,0.8197,1
2026-08-07,Slashdot.org,Gold rises as Middle East risks offset steady dollar ahead of payrolls - Investing.com,Gold rises as Middle East risks offset steady dollar ahead of payrollsInvesting.com Gold price hits highest level since June on weak payrolls data and Hormuz deal hopesCNBC Gold Steady as Traders Assess Impact of Hormuz Flare-Up on RatesBloomberg Gold Rises; …,Gold rises as Middle East risks offset steady dollar ahead of payrolls - Investing.com. Gold rises as Middle East risks offset steady dollar ahead of payrollsInvesting.com Gold price hits highest level since June on weak payrolls data and Hormuz deal hopesCNBC Gold Steady as Traders Assess Impact of Hormuz Flare-Up on RatesBloomberg Gold Rises; …,https://slashdot.org/firehose.pl?op=view&amp;id=184888478,positive,0.894,1
2026-08-07,Slashdot.org,Gold's rally is about a growing lack of investor confidence; silver could offer bigger gains says MarketGauge's Schneider - KITCO,Gold's rally is about a growing lack of investor confidence; silver could offer bigger gains says MarketGauge's SchneiderKITCO Gold price hits highest level since June on weak payrolls data and Hormuz deal hopesCNBC Gold Steady as Traders Assess Impact of Hor…,Gold's rally is about a growing lack of investor confidence; silver could offer bigger gains says MarketGauge's Schneider - KITCO. Gold's rally is about a growing lack of investor confidence; silver could offer bigger gains says MarketGauge's SchneiderKITCO Gold price hits highest level since June on weak payrolls data and Hormuz deal hopesCNBC Gold Steady as Traders Assess Impact of Hor…,https://slashdot.org/firehose.pl?op=view&amp;id=184886914,positive,0.5538,1
2026-08-07,Slashdot.org,"Gold heads for best week since January, US jobs data in focus - Reuters","Gold heads for best week since January, US jobs data in focusReuters Gold Steady as Traders Assess Impact of Hormuz Flare-Up on RatesBloomberg Gold price hits highest level since June on weak payrolls data and Hormuz deal hopesCNBC Gold Price Short-term Outlo…","Gold heads for best week since January, US jobs data in focus - Reuters. Gold heads for best week since January, US jobs data in focusReuters Gold Steady as Traders Assess Impact of Hormuz Flare-Up on RatesBloomberg Gold price hits highest level since June on weak payrolls data and Hormuz deal hopesCNBC Gold Price Short-term Outlo…",https://slashdot.org/firehose.pl?op=view&amp;id=184888062,positive,0.6673,1
2026-08-07,Advfn.com,Gold Advances as Middle East Uncertainty Supports Safe-Haven Demand Ahead of US Payrolls,"Gold prices moved higher on Friday, building on the previous session’s gains as investors weighed escalating geopolitical tensions around the Strait of Hormu...","Gold Advances as Middle East Uncertainty Supports Safe-Haven Demand Ahead of US Payrolls. Gold prices moved higher on Friday, building on the previous session’s gains as investors weighed escalating geopolitical tensions around the Strait of Hormu...",https://investorshub.advfn.com/market-news/article/33692/gold-advances-as-middle-east-uncertainty-supports-safe-haven-demand-ahead-of-us-payrolls,positive,0.9483,1
2026-08-11,Biztoc.com,Gold Climbs to More Than Two-Month High as Iran Talks and U.S. Inflation Take Focus,"Gold prices extended their gains on Tuesday, holding close to their highest level in more than two months as renewed investor demand outweighed pressure from a stronger U.S. dollar, higher Treasury yields and rising energy prices.
At 00:56 ET (04:56 GMT), XAU…","Gold Climbs to More Than Two-Month High as Iran Talks and U.S. Inflation Take Focus. Gold prices extended their gains on Tuesday, holding close to their highest level in more than two months as renewed investor demand outweighed pressure from a stronger U.S. dollar, higher Treasury yields and rising energy prices.
At 00:56 ET (04:56 GMT), XAU…",https://biztoc.com/x/28d302140b38d3d1,positive,0.9275,1
2026-08-11,Cointelegraph,Bitcoin drops to one-week low as retail buys gold at highest prices since June,"Bitcoin price action sank to one-week lows ahead of US CPI data, while retail investors piled into gold ETFs and XAU/USD hit its highest levels in nine weeks.","Bitcoin drops to one-week low as retail buys gold at highest prices since June. Bitcoin price action sank to one-week lows ahead of US CPI data, while retail investors piled into gold ETFs and XAU/USD hit its highest levels in nine weeks.",https://cointelegraph.com/markets/bitcoin-drops-to-one-week-low-as-retail-buys-gold-at-highest-prices-since-june,negative,0.9619,-1
2026-08-12,Advfn.com,"Gold holds near $4,400 as markets await U.S. inflation data","Gold prices extended their advance on Wednesday, trading close to $4,400 an ounce as investors awaited fresh U. S.","Gold holds near $4,400 as markets await U.S. inflation data. Gold prices extended their advance on Wednesday, trading close to $4,400 an ounce as investors awaited fresh U. S.",https://investorshub.advfn.com/market-news/article/34081/gold-holds-near-4400-as-markets-await-u-s-inflation-data,positive,0.9055,1
2026-08-13,Advfn.com,Gold Pulls Back From Two-Month High as Markets Reassess Fed Rate Outlook,"Gold prices moved lower on Thursday after reaching their highest level in more than two months, as investors balanced encouraging U. S.","Gold Pulls Back From Two-Month High as Markets Reassess Fed Rate Outlook. Gold prices moved lower on Thursday after reaching their highest level in more than two months, as investors balanced encouraging U. S.",https://investorshub.advfn.com/market-news/article/34193/gold-pulls-back-from-two-month-high-as-markets-reassess-fed-rate-outlook,negative,0.9695,-1
2026-08-14,Advfn.com,"Gold Falls Below $4,350 as Profit-Taking Offsets Fed Rate Support","Gold prices moved lower on Friday, extending their retreat from a 10-week high reached earlier in the week as investors locked in some gains following the re...","Gold Falls Below $4,350 as Profit-Taking Offsets Fed Rate Support. Gold prices moved lower on Friday, extending their retreat from a 10-week high reached earlier in the week as investors locked in some gains following the re...",https://investorshub.advfn.com/market-news/article/34302/gold-falls-below-4350-as-profit-taking-offsets-fed-rate-support,negative,0.9724,-1
2026-08-17,Cointelegraph,Bitcoin hits $64K as gold gains while oil shakes off Trump Oman threat,"Bitcoin sees further relief with a push past $64,000 while oil prices shake of threats of military action on Oman by US president Donald Trump.","Bitcoin hits $64K as gold gains while oil shakes off Trump Oman threat. Bitcoin sees further relief with a push past $64,000 while oil prices shake of threats of military action on Oman by US president Donald Trump.",https://cointelegraph.com/markets/bitcoin-hits-64k-as-gold-gains-while-oil-shakes-off-trump-oman-threat,positive,0.8797,1
2026-08-17,Biztoc.com,"Gold rises towards $4,400 as weaker dollar supports prices despite Middle East inflation concerns","Gold prices moved higher on Monday, remaining close to $4,400 an ounce as weakness in the U.S. dollar and softer economic indicators provided support, while uncertainty over Middle East energy supplies continued to pose an inflation risk.
At 01:04 ET (05:04 G…","Gold rises towards $4,400 as weaker dollar supports prices despite Middle East inflation concerns. Gold prices moved higher on Monday, remaining close to $4,400 an ounce as weakness in the U.S. dollar and softer economic indicators provided support, while uncertainty over Middle East energy supplies continued to pose an inflation risk.
At 01:04 ET (05:04 G…",https://biztoc.com/x/b2d389555476b0cd,positive,0.8952,1
2026-08-18,Advfn.com,"Gold Slips Below $4,400 as Higher Oil Prices and Treasury Yields Weigh",Gold prices moved lower on Tuesday as rising U. S.,"Gold Slips Below $4,400 as Higher Oil Prices and Treasury Yields Weigh. Gold prices moved lower on Tuesday as rising U. S.",https://investorshub.advfn.com/market-news/article/34485/gold-slips-below-4400-as-higher-oil-prices-and-treasury-yields-weigh,negative,0.9625,-1
2026-08-22,BusinessLine,US bond turmoil signals rising global macro pressures,"US bond turmoil highlights rising global macro pressures, emphasizing the importance of valuations for equity investors and gold's enduring relevance.","US bond turmoil signals rising global macro pressures. US bond turmoil highlights rising global macro pressures, emphasizing the importance of valuations for equity investors and gold's enduring relevance.",https://www.thehindubusinessline.com/portfolio/us-bond-turmoil-signals-rising-global-macro-pressures/article71378664.ece,positive,0.6373,1
2026-08-22,Crypto Briefing,"US Treasury buyback plan boosts gold, bitcoin prices","The Treasury's buyback plan underscores gold and bitcoin's role as hedges against currency devaluation and economic uncertainty.
The post US Treasury buyback plan boosts gold, bitcoin prices appeared first on Crypto Briefing.","US Treasury buyback plan boosts gold, bitcoin prices. The Treasury's buyback plan underscores gold and bitcoin's role as hedges against currency devaluation and economic uncertainty.
The post US Treasury buyback plan boosts gold, bitcoin prices appeared first on Crypto Briefing.",https://cryptobriefing.com/us-treasury-buyback-plan-boosts-gold-bitcoin-prices/,neutral,0.8419,0
2026-08-22,Crypto Briefing,Treasury announcement sparks rally in gold and Bitcoin,"Increased Treasury buybacks may signal inflation concerns, driving investors to hedge with assets like gold and Bitcoin, impacting market dynamics.
The post Treasury announcement sparks rally in gold and Bitcoin appeared first on Crypto Briefing.","Treasury announcement sparks rally in gold and Bitcoin. Increased Treasury buybacks may signal inflation concerns, driving investors to hedge with assets like gold and Bitcoin, impacting market dynamics.
The post Treasury announcement sparks rally in gold and Bitcoin appeared first on Crypto Briefing.",https://cryptobriefing.com/treasury-buyback-rally-gold-bitcoin/,negative,0.5681,-1
2026-08-22,The Times of India,"ETMarkets NRI Talk| Rs 1 crore, 5-7 years: How NRIs should allocate across Indian equities, bonds, gold and alternatives, says Rohit Sarin","NRIs investing in India should assess their global portfolio, existing India exposure, liquidity, risk appetite, taxes and repatriation needs before investing. For a Rs 1 crore portfolio, an illustrative allocation is 55–65% equities, 15–20% fixed income, 5–1…","ETMarkets NRI Talk| Rs 1 crore, 5-7 years: How NRIs should allocate across Indian equities, bonds, gold and alternatives, says Rohit Sarin. NRIs investing in India should assess their global portfolio, existing India exposure, liquidity, risk appetite, taxes and repatriation needs before investing. For a Rs 1 crore portfolio, an illustrative allocation is 55–65% equities, 15–20% fixed income, 5–1…",https://economictimes.indiatimes.com/markets/us-stocks/wall-street-guide/etmarkets-nri-talk-rs-1-crore-5-7-years-how-nris-should-allocate-across-indian-equities-bonds-gold-and-alternatives-says-rohit-sarin/articleshow/133417845.cms,neutral,0.9241,0
2026-08-22,The Times of India,"Gold prices rise for 3rd straight week, hit 3-month high. Can bullion reclaim $5,500 peak?","Gold rose 5% this week to nearly $4,603, marking its third consecutive weekly gain, supported by a weaker US dollar, Treasury bond buybacks and expectations of stable Fed rates. Analysts see long-term potential amid central-bank demand and currency concerns, …","Gold prices rise for 3rd straight week, hit 3-month high. Can bullion reclaim $5,500 peak?. Gold rose 5% this week to nearly $4,603, marking its third consecutive weekly gain, supported by a weaker US dollar, Treasury bond buybacks and expectations of stable Fed rates. Analysts see long-term potential amid central-bank demand and currency concerns, …",https://economictimes.indiatimes.com/markets/commodities/news/gold-prices-rise-for-3rd-straight-week-hit-3-month-high-can-bullion-reclaim-5500-peak/articleshow/133419156.cms,positive,0.9484,1
2026-08-22,The Times of India,"Gold regains momentum as weak dollar, safe haven demand and seasonal buying support prices","Gold prices have surged sharply in August, supported by a weaker U.S. dollar, expectations of monetary easing, geopolitical tensions, and sustained central-bank purchases. Strong Chinese demand and India’s upcoming festive and wedding season add further suppo…","Gold regains momentum as weak dollar, safe haven demand and seasonal buying support prices. Gold prices have surged sharply in August, supported by a weaker U.S. dollar, expectations of monetary easing, geopolitical tensions, and sustained central-bank purchases. Strong Chinese demand and India’s upcoming festive and wedding season add further suppo…",https://economictimes.indiatimes.com/markets/commodities/news/gold-regains-momentum-as-weak-dollar-safe-haven-demand-and-seasonal-buying-support-prices/articleshow/133417184.cms,positive,0.9456,1
2026-08-22,MarketWatch,Why an announcement from the Treasury sparked a rally in gold and bitcoin this week,"Cryptocurrencies and precious metals shot higher, while the U.S. dollar weakened, after the Treasury Department said it planned to double its bond buybacks.","Why an announcement from the Treasury sparked a rally in gold and bitcoin this week. Cryptocurrencies and precious metals shot higher, while the U.S. dollar weakened, after the Treasury Department said it planned to double its bond buybacks.",https://www.marketwatch.com/story/why-an-announcement-from-the-treasury-sparked-a-rally-in-gold-and-bitcoin-this-week-d9d5972b,negative,0.7068,-1
2026-08-22,Business Standard,PPF to digital gold: Monthly investments that build long-term wealth,"Here are seven low-cost, high-impact investment tools designed to help small monthly contributions grow into a substantial long-term corpus","PPF to digital gold: Monthly investments that build long-term wealth. Here are seven low-cost, high-impact investment tools designed to help small monthly contributions grow into a substantial long-term corpus",https://www.business-standard.com/finance/personal-finance/ppf-to-digital-gold-monthly-investments-that-build-long-term-wealth-126081401843_1.html,neutral,0.9133,0
2026-08-22,Kannadaprabha.com,Gold v/s Stock Market: ಹೆಚ್ಚು ಲಾಭ ನೀಡುವ ಹೂಡಿಕೆ ಆಯ್ಕೆ ಯಾವುದು?,"Confused between gold and stock market investment? Compare long-term returns, risk factors, and the best portfolio diversification strategies for maximum profit.","Gold v/s Stock Market: ಹೆಚ್ಚು ಲಾಭ ನೀಡುವ ಹೂಡಿಕೆ ಆಯ್ಕೆ ಯಾವುದು?. Confused between gold and stock market investment? Compare long-term returns, risk factors, and the best portfolio diversification strategies for maximum profit.",https://www.kannadaprabha.com/business/2026/Aug/22/gold-vs-stock-market-which-is-the-best-investment-option-for-higher-returns,neutral,0.922,0
2026-08-22,Economictimes.com,HDFC and Axis Mutual Fund resume subscriptions in gold ETFs and gold ETF FoFs,"HDFC and Axis Mutual Fund have resumed unrestricted subscriptions in gold ETFs and funds, following similar moves by Tata and Aditya Birla Sun Life. Restrictions imposed amid strong inflows and physical gold supply constraints are being lifted as market condi…","HDFC and Axis Mutual Fund resume subscriptions in gold ETFs and gold ETF FoFs. HDFC and Axis Mutual Fund have resumed unrestricted subscriptions in gold ETFs and funds, following similar moves by Tata and Aditya Birla Sun Life. Restrictions imposed amid strong inflows and physical gold supply constraints are being lifted as market condi…",https://m.economictimes.com/mf/mf-news/hdfc-and-axis-mutual-fund-resume-subscriptions-in-gold-etfs-and-gold-etf-fofs/articleshow/133419582.cms,positive,0.5949,1
2026-08-22,The Times of India,Gold gets its glitter back as Indian buyers return ahead of wedding and festive season,"India’s gold demand is recovering after June’s price correction, with jewellery purchases, imports and retailer stocking picking up ahead of the festive season. Gold ETFs also continue to attract investors, while old-gold exchanges are helping consumers manag…","Gold gets its glitter back as Indian buyers return ahead of wedding and festive season. India’s gold demand is recovering after June’s price correction, with jewellery purchases, imports and retailer stocking picking up ahead of the festive season. Gold ETFs also continue to attract investors, while old-gold exchanges are helping consumers manag…",https://economictimes.indiatimes.com/industry/cons-products/fashion-/-cosmetics-/-jewellery/gold-gets-its-glitter-back-as-indian-buyers-return-ahead-of-wedding-and-festive-season/articleshow/133419573.cms,positive,0.946,1
2026-08-22,Yahoo Entertainment,DALIO: DUMP BONDS AS DEBT CRISIS LOOMS...,Billionaire Ray Dalio said investors should reduce their bond holdings and put as much as 15% of their money in gold to hedge against the risk of a US debt c...,DALIO: DUMP BONDS AS DEBT CRISIS LOOMS.... Billionaire Ray Dalio said investors should reduce their bond holdings and put as much as 15% of their money in gold to hedge against the risk of a US debt c...,https://finance.yahoo.com/markets/crypto/articles/dalio-says-sell-bonds-buy-170414392.html,negative,0.821,-1
2026-08-22,Investor's Business Daily,Dow Jones Futures: Market Rally Repairs Some Damage; Nvidia Earnings Loom,"Gold, biotechs and bitcoin shine bright, but many key techs could go either way.","Dow Jones Futures: Market Rally Repairs Some Damage; Nvidia Earnings Loom. Gold, biotechs and bitcoin shine bright, but many key techs could go either way.",https://www.investors.com/market-trend/stock-market-today/dow-jones-futures-market-rally-nvidia-crowdstrike-warsh/,positive,0.3836,1
2026-08-23,Crypto Briefing,US Treasury bond intervention struggles as yields rebound,"The Treasury's intervention challenges highlight potential economic instability, prompting increased interest in gold as a safe haven asset.
The post US Treasury bond intervention struggles as yields rebound appeared first on Crypto Briefing.","US Treasury bond intervention struggles as yields rebound. The Treasury's intervention challenges highlight potential economic instability, prompting increased interest in gold as a safe haven asset.
The post US Treasury bond intervention struggles as yields rebound appeared first on Crypto Briefing.",https://cryptobriefing.com/us-treasury-bond-intervention-struggles-as-yields-rebound/,neutral,0.511,0
2026-08-23,Motley Fool Australia,L1 Gold Fund posts debut FY26 result and capital raise update,"L1 Gold Fund's FY26 debut saw a $71m net loss as tough gold market conditions weighed on its first results and sector performance.
The post L1 Gold Fund posts debut FY26 result and capital raise update appeared first on The Motley Fool Australia.","L1 Gold Fund posts debut FY26 result and capital raise update. L1 Gold Fund's FY26 debut saw a $71m net loss as tough gold market conditions weighed on its first results and sector performance.
The post L1 Gold Fund posts debut FY26 result and capital raise update appeared first on The Motley Fool Australia.",https://www.fool.com.au/2026/08/24/l1-gold-fund-posts-debut-fy26-result-and-capital-raise-update/,negative,0.9696,-1
2026-08-23,Rediff.com,France's Badminton System Delivers Double World Championship Gold,"France achieved a historic double victory at the World Championships, with Thom Gicquel and Delphine Delrue winning mixed doubles and Alex Lanier securing the men's singles title. This unprecedented success is attributed to decades of strategic investment in …","France's Badminton System Delivers Double World Championship Gold. France achieved a historic double victory at the World Championships, with Thom Gicquel and Delphine Delrue winning mixed doubles and Alex Lanier securing the men's singles title. This unprecedented success is attributed to decades of strategic investment in …",https://www.rediff.com/sports/report/france-achieves-historic-badminton-double-crown-at-worlds/20260823.htm,positive,0.8675,1
2026-08-23,The Daily Hodl,Ray Dalio Warns of Looming US Debt Crisis and Urges Gold and Bitcoin Allocations,"Billionaire investor Ray Dalio is highlighting unsustainable US government finances and recommending investors underweight bonds while allocating 10-15% to gold and a bit of bitcoin.
The post Ray Dalio Warns of Looming US Debt Crisis and Urges Gold and Bitcoi…","Ray Dalio Warns of Looming US Debt Crisis and Urges Gold and Bitcoin Allocations. Billionaire investor Ray Dalio is highlighting unsustainable US government finances and recommending investors underweight bonds while allocating 10-15% to gold and a bit of bitcoin.
The post Ray Dalio Warns of Looming US Debt Crisis and Urges Gold and Bitcoi…",https://dailyhodl.com/2026/08/23/ray-dalio-warns-of-looming-us-debt-crisis-and-urges-gold-and-bitcoin-allocations/,neutral,0.6273,0
2026-08-23,Crypto Briefing,Gold call-option demand hits 6-month high amid elevated prices: Barchart,"Rising gold call-option demand signals investor optimism for future price increases, potentially impacting market strategies and economic forecasts.
The post Gold call-option demand hits 6-month high amid elevated prices: Barchart appeared first on Crypto Bri…","Gold call-option demand hits 6-month high amid elevated prices: Barchart. Rising gold call-option demand signals investor optimism for future price increases, potentially impacting market strategies and economic forecasts.
The post Gold call-option demand hits 6-month high amid elevated prices: Barchart appeared first on Crypto Bri…",https://cryptobriefing.com/gold-call-option-demand-hits-6-month-high-amid-elevated-prices-barchart/,positive,0.651,1
2026-08-23,The Times of India,How bitcoin and gold went from a slump to an MVP week in just a few days,"Bitcoin had dropped from a January high of around $95,000 to below $60,000 at the end of June. Investors shied away from speculative assets earlier in the year and crypto supporters were concerned about the lack of movement on proposed regulation of the indus…","How bitcoin and gold went from a slump to an MVP week in just a few days. Bitcoin had dropped from a January high of around $95,000 to below $60,000 at the end of June. Investors shied away from speculative assets earlier in the year and crypto supporters were concerned about the lack of movement on proposed regulation of the indus…",https://economictimes.indiatimes.com/markets/cryptocurrency/how-bitcoin-and-gold-went-from-a-slump-to-an-mvp-week-in-just-a-few-days/articleshow/133434294.cms,negative,0.9649,-1
2026-08-23,Business Standard,"Bullion may shine next week as traders await US inflation data, Fed signals","Gold and silver prices are expected to retain their upward momentum next week, though profit-booking at higher levels may temper the rally as investors await key US inflation data, analysts said.
US Core Personal Consumption Expenditures (PCE) inflation and G…","Bullion may shine next week as traders await US inflation data, Fed signals. Gold and silver prices are expected to retain their upward momentum next week, though profit-booking at higher levels may temper the rally as investors await key US inflation data, analysts said.
US Core Personal Consumption Expenditures (PCE) inflation and G…",https://www.business-standard.com/markets/commodities/bullion-may-shine-next-week-as-traders-await-us-inflation-data-fed-signals-126082300295_1.html,negative,0.712,-1
2026-08-23,The Times of India,"Gold, silver prices likely to extend gains next week as investors await US data",Gold and silver prices are poised for further gains next week. Investors await crucial US inflation and economic data releases. Geopolitical developments in West Asia will also influence market sentiment. Domestic gold and silver futures saw significant incre…,"Gold, silver prices likely to extend gains next week as investors await US data. Gold and silver prices are poised for further gains next week. Investors await crucial US inflation and economic data releases. Geopolitical developments in West Asia will also influence market sentiment. Domestic gold and silver futures saw significant incre…",https://timesofindia.indiatimes.com/business/india-business/gold-silver-prices-likely-to-extend-gains-next-week-as-investors-await-us-data/articleshow/133437513.cms,negative,0.8409,-1
2026-08-23,BusinessLine,"Gold, silver prices to rally this week: Here’s what analysts say","Bullion prices are poised for growth next week as traders anticipate US inflation data and Fed signals, analysts say.","Gold, silver prices to rally this week: Here’s what analysts say. Bullion prices are poised for growth next week as traders anticipate US inflation data and Fed signals, analysts say.",https://www.thehindubusinessline.com/markets/gold/gold-silver-prices-to-rally-this-week-heres-what-analysts-say/article71380658.ece,positive,0.7769,1
2026-08-23,Livemint,"Equity, debt or gold? What 25 years of data reveals about the best asset allocation for investors","FundsIndia’s 25-year analysis compares different combinations of equity, debt and gold to see how asset allocation affects returns and portfolio volatility. The 70:15:15 mix delivered a 15% average seven-year return and crossed 10% annualised returns in 92% o…","Equity, debt or gold? What 25 years of data reveals about the best asset allocation for investors. FundsIndia’s 25-year analysis compares different combinations of equity, debt and gold to see how asset allocation affects returns and portfolio volatility. The 70:15:15 mix delivered a 15% average seven-year return and crossed 10% annualised returns in 92% o…",https://www.livemint.com/money/personal-finance/equity-debt-or-gold-what-25-years-of-data-reveals-about-the-best-asset-allocation-for-investors-11787419715482.html,neutral,0.7439,0
2026-08-23,Economictimes.com,A 70:30 strategy could help investors balance gold and silver exposure: Tata Mutual Fund,"Tata Mutual Fund recommends a 70:30 strategic allocation between gold and silver for investors looking to balance stability with growth. The fund house remains bullish on both precious metals over the medium to long term, preferring a higher weight to gold fo…","A 70:30 strategy could help investors balance gold and silver exposure: Tata Mutual Fund. Tata Mutual Fund recommends a 70:30 strategic allocation between gold and silver for investors looking to balance stability with growth. The fund house remains bullish on both precious metals over the medium to long term, preferring a higher weight to gold fo…",https://m.economictimes.com/mf/analysis/a-7030-strategy-could-help-investors-balance-gold-and-silver-exposure-tata-mutual-fund/articleshow/133434410.cms,neutral,0.5388,0
2026-08-23,Livemint,"Women investors bet big on gold, triple their ETF investments in a year; where else did they put their money?","Women's participation in mutual fund investments has risen, with 1.61 crore women among a total of 6.09 crore investors by March 2026. Here's why they are betting big on gold.","Women investors bet big on gold, triple their ETF investments in a year; where else did they put their money?. Women's participation in mutual fund investments has risen, with 1.61 crore women among a total of 6.09 crore investors by March 2026. Here's why they are betting big on gold.",https://www.livemint.com/money/personal-finance/women-investors-bet-big-on-gold-triple-their-etf-investments-in-a-year-where-else-did-they-put-their-money-11787472238316.html,neutral,0.5811,0
2026-08-23,Livemint,Which asset class will outperform next? Experts say investors should focus on asset allocation instead of chasing winner,"Equities, debt and precious metals are moving through different cycles, making it difficult for investors to identify the next winning asset class. Here is why multi-asset allocation can help investors diversify risk and navigate uncertain market conditions.","Which asset class will outperform next? Experts say investors should focus on asset allocation instead of chasing winner. Equities, debt and precious metals are moving through different cycles, making it difficult for investors to identify the next winning asset class. Here is why multi-asset allocation can help investors diversify risk and navigate uncertain market conditions.",https://www.livemint.com/money/personal-finance/which-asset-class-will-outperform-next-experts-say-investors-should-focus-on-asset-allocation-instead-of-chasing-winner-11787421218526.html,neutral,0.8922,0
2026-08-24,Biztoc.com,Gold and Bitcoin Surge on Treasury Bond Market Fight. Scarce Asset Owners Are This Market’s Big Winners,"The post Gold and Bitcoin Surge on Treasury Bond Market Fight. Scarce Asset Owners Are This Market’s Big Winners appeared first on 24/7 Wall St..
Markets are increasingly being shaped by a tug-of-war between inflation, government borrowing, and the enormous p…","Gold and Bitcoin Surge on Treasury Bond Market Fight. Scarce Asset Owners Are This Market’s Big Winners. The post Gold and Bitcoin Surge on Treasury Bond Market Fight. Scarce Asset Owners Are This Market’s Big Winners appeared first on 24/7 Wall St..
Markets are increasingly being shaped by a tug-of-war between inflation, government borrowing, and the enormous p…",https://biztoc.com/x/e12b64852641f14c,neutral,0.5779,0
2026-08-24,Crypto Briefing,"China reportedly increases gold reserves by 88 tonnes, reaching 2,366 tonnes total","China's increased gold reserves may drive up global gold prices, influencing economic strategies amid geopolitical and market uncertainties.
The post China reportedly increases gold reserves by 88 tonnes, reaching 2,366 tonnes total appeared first on Crypto B…","China reportedly increases gold reserves by 88 tonnes, reaching 2,366 tonnes total. China's increased gold reserves may drive up global gold prices, influencing economic strategies amid geopolitical and market uncertainties.
The post China reportedly increases gold reserves by 88 tonnes, reaching 2,366 tonnes total appeared first on Crypto B…",https://cryptobriefing.com/china-reportedly-increases-gold-reserves-by-88-tonnes-reaching-2366-tonnes-total/,positive,0.9342,1
2026-08-24,Business Standard,"Gold crosses $4,700 on Comex; silver trades above $69 amid US bond buybacks","In the global market, gold was trading near $4,700 per ounce on Comex, while silver was around $69 per ounce","Gold crosses $4,700 on Comex; silver trades above $69 amid US bond buybacks. In the global market, gold was trading near $4,700 per ounce on Comex, while silver was around $69 per ounce",https://www.business-standard.com/markets/news/gold-crosses-4-700-on-comex-silver-trades-above-69-amid-us-bond-buybacks-126082400155_1.html,neutral,0.5299,0
2026-08-24,Crypto Briefing,Gold approaches three-month high as US Treasury intervenes in bond market,"The Treasury's intervention may offer short-term relief but highlights deeper fiscal challenges, potentially impacting future economic stability.
The post Gold approaches three-month high as US Treasury intervenes in bond market appeared first on Crypto Brief…","Gold approaches three-month high as US Treasury intervenes in bond market. The Treasury's intervention may offer short-term relief but highlights deeper fiscal challenges, potentially impacting future economic stability.
The post Gold approaches three-month high as US Treasury intervenes in bond market appeared first on Crypto Brief…",https://cryptobriefing.com/gold-three-month-high-treasury-bond-buyback/,positive,0.7379,1
2026-08-24,Yahoo Entertainment,Gold climbs to more than three-month high as markets await US inflation data,,Gold climbs to more than three-month high as markets await US inflation data. ,https://consent.yahoo.com/v2/collectConsent?sessionId=1_cc-session_1c2b2e14-71c3-485d-b015-cf6c8fa962e4,positive,0.6301,1
2026-08-24,Financial Post,Asante Provides Financing Update,"VANCOUVER, British Columbia, Aug. 24, 2026 (GLOBE NEWSWIRE) — Asante Gold Corporation (TSXV: ASE | GSE: ASG | OTCQX: ASGOF) (“Asante” or the “Company”) announces that its senior lenders and hedge counterparties have agreed to extend two previously disclosed d…","Asante Provides Financing Update. VANCOUVER, British Columbia, Aug. 24, 2026 (GLOBE NEWSWIRE) — Asante Gold Corporation (TSXV: ASE | GSE: ASG | OTCQX: ASGOF) (“Asante” or the “Company”) announces that its senior lenders and hedge counterparties have agreed to extend two previously disclosed d…",https://financialpost.com/globe-newswire/asante-provides-financing-update,positive,0.8742,1
2026-08-24,Investor's Business Daily,"Treasure Yields Fall, Gold Rises On Bessent's $1 Trillion Warning","The 10-year Treasury yield fell and gold rallied as the department may use its general account to buy bonds, a form of quantitative easing.","Treasure Yields Fall, Gold Rises On Bessent's $1 Trillion Warning. The 10-year Treasury yield fell and gold rallied as the department may use its general account to buy bonds, a form of quantitative easing.",https://www.investors.com/news/10-year-treasury-yield-gold-price-bessent-general-account-federal-reserve/,negative,0.8195,-1
2026-08-24,PRNewswire,Intoxalock Expands Investment in Florida Criminal Defense Group to Support DUI Recovery and Rehabilitation in the State,Leading ignition interlock provider becomes Gold Sponsor of the Florida Association of Criminal Defense Lawyers as part of a broader push to support DUI recovery and reduce impaired driving statewide. Key Takeaways Intoxalock is now a Gold Sponsor of the Flor…,Intoxalock Expands Investment in Florida Criminal Defense Group to Support DUI Recovery and Rehabilitation in the State. Leading ignition interlock provider becomes Gold Sponsor of the Florida Association of Criminal Defense Lawyers as part of a broader push to support DUI recovery and reduce impaired driving statewide. Key Takeaways Intoxalock is now a Gold Sponsor of the Flor…,https://www.prnewswire.com/news-releases/intoxalock-expands-investment-in-florida-criminal-defense-group-to-support-dui-recovery-and-rehabilitation-in-the-state-302858412.html,positive,0.7984,1
2026-08-24,Biztoc.com,Gold Rises; Appeal Grows Amid Uneasy U.S. Fiscal Outlook,"Gold rose in Asian trade. The yellow metal has rebounded sharply from July lows, supported by renewed investment demand and growing unease over the U.S. fiscal outlook, ING said.","Gold Rises; Appeal Grows Amid Uneasy U.S. Fiscal Outlook. Gold rose in Asian trade. The yellow metal has rebounded sharply from July lows, supported by renewed investment demand and growing unease over the U.S. fiscal outlook, ING said.",https://biztoc.com/x/2c2fb4090ed053c9,positive,0.9459,1
2026-08-24,TheStreet,"Gold, silver rally off ugly crash, but investors remain on edge","Precious metals are surging off summer lows, but inflation risks and upcoming Fed cues keep the rally tentative.","Gold, silver rally off ugly crash, but investors remain on edge. Precious metals are surging off summer lows, but inflation risks and upcoming Fed cues keep the rally tentative.",https://www.thestreet.com/economy/how-long-can-gold-and-silver-price-rebound-last,negative,0.5894,-1
2026-08-24,The Times of India,"Gold hits over three-month high ahead of US inflation data, Fed chair speech","Gold prices have surged to a three-month high, driven by investor anticipation for upcoming US inflation data. The speech by Federal Reserve Chair Kevin Warsh is also a focal point, likely influencing interest rate outlooks. Furthermore, Poland's central bank…","Gold hits over three-month high ahead of US inflation data, Fed chair speech. Gold prices have surged to a three-month high, driven by investor anticipation for upcoming US inflation data. The speech by Federal Reserve Chair Kevin Warsh is also a focal point, likely influencing interest rate outlooks. Furthermore, Poland's central bank…",https://economictimes.indiatimes.com/markets/commodities/news/gold-hits-over-three-month-high-ahead-of-us-inflation-data-fed-chair-speech/articleshow/133449285.cms,positive,0.7839,1
2026-08-24,Livemint,"Gold, silver prices today, 24 August: Check retail rates of 24K, 22K gold, 999 silver in Delhi, Mumbai and Kolkata","Gold and silver prices today, 24 August: Check the latest 24K, 22K gold and 999 silver retail rates across Delhi, Mumbai, Kolkata and other major Indian cities, along with MCX market updates.","Gold, silver prices today, 24 August: Check retail rates of 24K, 22K gold, 999 silver in Delhi, Mumbai and Kolkata. Gold and silver prices today, 24 August: Check the latest 24K, 22K gold and 999 silver retail rates across Delhi, Mumbai, Kolkata and other major Indian cities, along with MCX market updates.",https://www.livemint.com/money/personal-finance/gold-silver-prices-today-24-august-check-retail-rates-of-24k-22k-gold-999-silver-in-delhi-mumbai-and-kolkata-11787539214526.html,neutral,0.9366,0
2026-08-24,The Times of India,"Gold prices rise Rs 8,200/10g in 4 days; silver falls Rs 1,800/kg ahead of US inflation data. Buy, sell or hold?","Gold extended its winning streak on MCX, rising for a fourth straight session, while silver snapped a three-day rally as investors tracked the dollar and awaited key US inflation data and Federal Reserve Chair Kevin Warsh’s speech. Analysts expect precious me…","Gold prices rise Rs 8,200/10g in 4 days; silver falls Rs 1,800/kg ahead of US inflation data. Buy, sell or hold?. Gold extended its winning streak on MCX, rising for a fourth straight session, while silver snapped a three-day rally as investors tracked the dollar and awaited key US inflation data and Federal Reserve Chair Kevin Warsh’s speech. Analysts expect precious me…",https://economictimes.indiatimes.com/markets/commodities/news/gold-prices-rise-rs-8200/10g-in-4-days-silver-falls-rs-1800/kg-ahead-of-us-inflation-data-buy-sell-or-hold/articleshow/133450787.cms,positive,0.9039,1
2026-08-24,Biztoc.com,A massive trade just happened in gold. The options market is buzzing,"Gold is up 15% this month, rallying alongside higher interest rates and quietly on pace for its best month since 2008. The biggest trade in the entire options market today says that run is coming to an end.
Twenty minutes after the market opened Monday, someo…","A massive trade just happened in gold. The options market is buzzing. Gold is up 15% this month, rallying alongside higher interest rates and quietly on pace for its best month since 2008. The biggest trade in the entire options market today says that run is coming to an end.
Twenty minutes after the market opened Monday, someo…",https://biztoc.com/x/32c88d8ff57c772b,positive,0.7426,1
2026-08-24,Biztoc.com,"Traders bet bitcoin was stuck below $67,000. The Treasury blew that trade up in one afternoon","Bitcoin and gold shot higher this week, with both getting a boost from some frantic action surrounding the bond market, and the cryptocurrency also benefiting from activity in Washington.
Bitcoin had dropped from a January high of around $95,000 to below $60,…","Traders bet bitcoin was stuck below $67,000. The Treasury blew that trade up in one afternoon. Bitcoin and gold shot higher this week, with both getting a boost from some frantic action surrounding the bond market, and the cryptocurrency also benefiting from activity in Washington.
Bitcoin had dropped from a January high of around $95,000 to below $60,…",https://biztoc.com/x/3df0e923e72d7558,negative,0.6919,-1
2026-08-24,The Times of India,"Gold, Bitcoin or Stocks: Who’s winning the 2026 race for returns?","Gold, Indian equities and bitcoin have delivered sharply different returns in 2026. Bitcoin has led the recent rally, gaining 27% over both the past week and month, but remains down 8% year-to-date. Gold has emerged as a stronger performer, while Indian equit…","Gold, Bitcoin or Stocks: Who’s winning the 2026 race for returns?. Gold, Indian equities and bitcoin have delivered sharply different returns in 2026. Bitcoin has led the recent rally, gaining 27% over both the past week and month, but remains down 8% year-to-date. Gold has emerged as a stronger performer, while Indian equit…",https://economictimes.indiatimes.com/markets/stocks/news/gold-bitcoin-or-stocks-whos-winning-the-2026-race-for-returns/articleshow/133460698.cms,negative,0.9263,-1
2026-08-24,Livemint,Indian jewellers roll out cash-for-gold schemes ahead of festive season,"As the festive season approaches, companies are optimistic about increasing demand despite previous purchasing hesitations due to elevated prices.","Indian jewellers roll out cash-for-gold schemes ahead of festive season. As the festive season approaches, companies are optimistic about increasing demand despite previous purchasing hesitations due to elevated prices.",https://www.livemint.com/industry/indian-jewellers-roll-out-cash-for-gold-schemes-ahead-of-festive-season-11787466783204.html,positive,0.9292,1
2026-08-24,Biztoc.com,Why gold and silver prices have added $5 trillion in value,"Gold and silver prices are having a summer end to remember.
Inside the Action
Gold prices are up a sizzling 15% this month while silver has surged 19%. Combined, the metals have added nearly $5 trillion in market value this month per analysis from Bull Theory…","Why gold and silver prices have added $5 trillion in value. Gold and silver prices are having a summer end to remember.
Inside the Action
Gold prices are up a sizzling 15% this month while silver has surged 19%. Combined, the metals have added nearly $5 trillion in market value this month per analysis from Bull Theory…",https://biztoc.com/x/1c90939be72feca9,positive,0.5118,1
2026-08-24,Crypto Briefing,"Gold futures surge past $4,700/oz, signaling economic fears","Gold's surge reflects deep economic uncertainty, prompting shifts in investment strategies and highlighting vulnerabilities in fiscal policies.
The post Gold futures surge past $4,700/oz, signaling economic fears appeared first on Crypto Briefing.","Gold futures surge past $4,700/oz, signaling economic fears. Gold's surge reflects deep economic uncertainty, prompting shifts in investment strategies and highlighting vulnerabilities in fiscal policies.
The post Gold futures surge past $4,700/oz, signaling economic fears appeared first on Crypto Briefing.",https://cryptobriefing.com/gold-futures-surge-past-4700-economic-fears/,negative,0.7697,-1
2026-08-24,The Times of India,"Muthoot Finance, Manappuram Finance shares rally up to 11% in 4 days as gold crosses Rs 1.63 lakh","Gold loan stocks Muthoot Finance, Manappuram Finance and IIFL Finance gained sharply as gold prices climbed on a weaker dollar and liquidity support from the US Treasury. Investors are watching US inflation data and Fed signals at Jackson Hole. Rising gold pr…","Muthoot Finance, Manappuram Finance shares rally up to 11% in 4 days as gold crosses Rs 1.63 lakh. Gold loan stocks Muthoot Finance, Manappuram Finance and IIFL Finance gained sharply as gold prices climbed on a weaker dollar and liquidity support from the US Treasury. Investors are watching US inflation data and Fed signals at Jackson Hole. Rising gold pr…",https://economictimes.indiatimes.com/markets/stocks/news/muthoot-finance-manappuram-finance-shares-rally-up-to-11-in-4-days-as-gold-crosses-rs-1-63-lakh/articleshow/133455929.cms,positive,0.936,1
2026-08-24,The Straits Times,"Gold hits over 3-month high ahead of US inflation data, Fed chair speech","Spot gold was up 0.9 per cent at US$4,643.63 per ounce. Read more at straitstimes.com. Read more at straitstimes.com.","Gold hits over 3-month high ahead of US inflation data, Fed chair speech. Spot gold was up 0.9 per cent at US$4,643.63 per ounce. Read more at straitstimes.com. Read more at straitstimes.com.",https://www.straitstimes.com/business/gold-hits-over-3-month-high-ahead-of-us-inflation-data-fed-chair-speech,positive,0.738,1
2026-08-24,Business Standard,"Gold correction, not collapse: Why Vallum sees another big rally ahead",Gold vs debt: Why Vallum says the metal's biggest trade is only reopening,"Gold correction, not collapse: Why Vallum sees another big rally ahead. Gold vs debt: Why Vallum says the metal's biggest trade is only reopening",https://www.business-standard.com/finance/personal-finance/gold-correction-not-collapse-why-vallum-sees-another-big-rally-ahead-126082400323_1.html,neutral,0.7799,0
2026-08-24,The Times of India,"Gold rate today (August 24, 2026): Check 24k, 22k, 20k, 18k gold jewellery prices from Malabar Gold & Diamonds, Joyalukkas, Kalyan Jewellers, Tanishq & IBJA in Delhi, Mumbai, Hyderabad & more cities","On August 24, 2026, the price of 22k gold jewellery experienced a notable rise, with Tanishq pricing it at Rs 15,075 per gram nationwide. Competing brands like Malabar and Kalyan also reported increased rates. Additionally, IBJA provided the latest silver pri…","Gold rate today (August 24, 2026): Check 24k, 22k, 20k, 18k gold jewellery prices from Malabar Gold & Diamonds, Joyalukkas, Kalyan Jewellers, Tanishq & IBJA in Delhi, Mumbai, Hyderabad & more cities. On August 24, 2026, the price of 22k gold jewellery experienced a notable rise, with Tanishq pricing it at Rs 15,075 per gram nationwide. Competing brands like Malabar and Kalyan also reported increased rates. Additionally, IBJA provided the latest silver pri…",https://economictimes.indiatimes.com/wealth/invest/gold-rate-today-august-24-2026-check-24k-22k-20k-18k-gold-jewellery-prices-from-malabar-gold-diamonds-joyalukkas-kalyan-jewellers-tanishq-ibja-in-delhi-mumbai-hyderabad-more-cities/articleshow/133459204.cms,positive,0.9428,1
2026-08-24,Crypto Briefing,Canadian dollar slides as US-Canada trade tensions escalate,"Escalating US-Canada trade tensions may destabilize currency markets and boost gold demand as investors seek safe-haven assets.
The post Canadian dollar slides as US-Canada trade tensions escalate appeared first on Crypto Briefing.","Canadian dollar slides as US-Canada trade tensions escalate. Escalating US-Canada trade tensions may destabilize currency markets and boost gold demand as investors seek safe-haven assets.
The post Canadian dollar slides as US-Canada trade tensions escalate appeared first on Crypto Briefing.",https://cryptobriefing.com/canadian-dollar-slides-as-us-canada-trade-tensions-escalate/,negative,0.9533,-1
2026-08-24,Advfn.com,"Gold Climbs Above $4,650 as U.S. Fiscal Risks Boost Demand for Bullion","Gold extended its advance on Monday, moving above $4,650 an ounce and remaining close to a three-month high as concerns over the U. S.","Gold Climbs Above $4,650 as U.S. Fiscal Risks Boost Demand for Bullion. Gold extended its advance on Monday, moving above $4,650 an ounce and remaining close to a three-month high as concerns over the U. S.",https://investorshub.advfn.com/market-news/article/34866/gold-climbs-above-4650-as-u-s-fiscal-risks-boost-demand-for-bullion,positive,0.9312,1
2026-08-24,Crypto Briefing,Fidelity portfolio manager plans to rebuild gold holdings amid Fed uncertainty,"Fidelity's gold strategy highlights growing investor caution and potential shifts in asset allocation amid monetary policy uncertainties.
The post Fidelity portfolio manager plans to rebuild gold holdings amid Fed uncertainty appeared first on Crypto Briefing.","Fidelity portfolio manager plans to rebuild gold holdings amid Fed uncertainty. Fidelity's gold strategy highlights growing investor caution and potential shifts in asset allocation amid monetary policy uncertainties.
The post Fidelity portfolio manager plans to rebuild gold holdings amid Fed uncertainty appeared first on Crypto Briefing.",https://cryptobriefing.com/fidelity-doubles-gold-holdings-fed-uncertainty/,neutral,0.8501,0
2026-08-24,The Daily Hodl,"Fed Study Shows Crypto Investors Driven by Extreme Optimism – Unlike Stock, Bond or Gold Holders","A Cleveland Fed working paper finds US crypto holders are young, male, and libertarian-leaning, expecting far higher returns than non-holders, with price info boosting their actual purchases.
The post Fed Study Shows Crypto Investors Driven by Extreme Optimis…","Fed Study Shows Crypto Investors Driven by Extreme Optimism – Unlike Stock, Bond or Gold Holders. A Cleveland Fed working paper finds US crypto holders are young, male, and libertarian-leaning, expecting far higher returns than non-holders, with price info boosting their actual purchases.
The post Fed Study Shows Crypto Investors Driven by Extreme Optimis…",https://dailyhodl.com/2026/08/24/fed-study-shows-crypto-investors-driven-by-extreme-optimism-unlike-stock-bond-or-gold-holders/,positive,0.532,1
2026-08-24,The Times of India,"Gold price prediction today: Worst of gold price dips over? Check outlook for August 24, 2026 week","Gold price prediction today: Looking ahead, market participants will closely monitor further developments in US Treasury operations, fiscal policy discussions, and upcoming economic data releases, which are expected to remain key drivers for gold prices in th…","Gold price prediction today: Worst of gold price dips over? Check outlook for August 24, 2026 week. Gold price prediction today: Looking ahead, market participants will closely monitor further developments in US Treasury operations, fiscal policy discussions, and upcoming economic data releases, which are expected to remain key drivers for gold prices in th…",https://timesofindia.indiatimes.com/business/india-business/gold-price-prediction-today-what-is-the-gold-rate-outlook-for-august-24-2026-week-should-you-buy-or-sell-mcx-gold-us-iran-war-middle-east/articleshow/133453711.cms,neutral,0.7549,0
2026-08-24,Khabarhub.com,"Gold price up by Rs 3,200 per tola in Nepali market","KATHMANDU: The price of gold has increased by Rs 3,200 per tola today, following a rise of Rs 15,400 over the past three days. According to the Federation of Nepal Gold and Silver Dealers, the price of gold has reached Rs 322,700 per tola today. The price of …","Gold price up by Rs 3,200 per tola in Nepali market. KATHMANDU: The price of gold has increased by Rs 3,200 per tola today, following a rise of Rs 15,400 over the past three days. According to the Federation of Nepal Gold and Silver Dealers, the price of gold has reached Rs 322,700 per tola today. The price of …",https://english.khabarhub.com/2026/24/564611/,positive,0.9281,1
2026-08-24,BusinessLine,Positive investments in gold ETFs continue for the fifth week in a row,"Gold ETFs see positive inflows for five weeks, driven by US and UK investors attracted to gold's rising prices.","Positive investments in gold ETFs continue for the fifth week in a row. Gold ETFs see positive inflows for five weeks, driven by US and UK investors attracted to gold's rising prices.",https://www.thehindubusinessline.com/markets/gold/positive-investments-in-gold-etfs-continue-for-the-fifth-week-in-a-row/article71384933.ece,positive,0.9532,1
2026-08-24,Forbes,Gold Price Hits 15-Week High As Late-Summer Rally Extends,"The price of gold rose to above $4,700 early Monday, lifting the metal to its highest price in about 15 weeks after a mostly stagnant summer.","Gold Price Hits 15-Week High As Late-Summer Rally Extends. The price of gold rose to above $4,700 early Monday, lifting the metal to its highest price in about 15 weeks after a mostly stagnant summer.",https://www.forbes.com/sites/conormurray/2026/08/24/gold-price-hits-15-week-high-as-late-summer-rally-extends/,positive,0.9348,1
2026-08-24,Biztoc.com,"Gold prices today, Monday, August 24, 2026: 'Gold to stay hot through the end of the month'","Gold (GC=F) December futures opened at $4,673.40 per troy ounce on Monday, August 24, 2026, down 0.2% from Friday's closing price. The price of gold is rising this morning at $4,712.60 per troy ounce as of 8:30 a.m. ET.
Gold opened above $4,600 for the first …","Gold prices today, Monday, August 24, 2026: 'Gold to stay hot through the end of the month'. Gold (GC=F) December futures opened at $4,673.40 per troy ounce on Monday, August 24, 2026, down 0.2% from Friday's closing price. The price of gold is rising this morning at $4,712.60 per troy ounce as of 8:30 a.m. ET.
Gold opened above $4,600 for the first …",https://biztoc.com/x/0a8b03813fdd94de,negative,0.9655,-1
2026-08-24,Financial Post,Blue Jay Gold Announces Nomination of Ashley Kates to the Board of Directors for Upcoming AGM,"VANCOUVER, British Columbia, Aug. 24, 2026 (GLOBE NEWSWIRE) — Blue Jay Gold Corp. (TSXV: JAY) (OTCQB: JAYGF) (FSE: JAY) (“Blue Jay” or the “Company”), is pleased to announce the nomination of Ashley Kates to the Company’s Board of Directors. The nomination is…","Blue Jay Gold Announces Nomination of Ashley Kates to the Board of Directors for Upcoming AGM. VANCOUVER, British Columbia, Aug. 24, 2026 (GLOBE NEWSWIRE) — Blue Jay Gold Corp. (TSXV: JAY) (OTCQB: JAYGF) (FSE: JAY) (“Blue Jay” or the “Company”), is pleased to announce the nomination of Ashley Kates to the Company’s Board of Directors. The nomination is…",https://financialpost.com/globe-newswire/blue-jay-gold-announces-nomination-of-ashley-kates-to-the-board-of-directors-for-upcoming-agm,neutral,0.907,0
2026-08-24,Biztoc.com,Agnico Eagle invests $57-million in Radisson Mining Resources,"Agnico Eagle Mines Ltd. AEM-T has signed a deal to invest $57-million in Radisson Mining Resources Inc RDS-X.
Radisson owns the O’Brien gold project in Quebec’s Abitibi region.
Under the agreement, Agnico is acquiring 53,420,000 units at a price of $1.07 per …","Agnico Eagle invests $57-million in Radisson Mining Resources. Agnico Eagle Mines Ltd. AEM-T has signed a deal to invest $57-million in Radisson Mining Resources Inc RDS-X.
Radisson owns the O’Brien gold project in Quebec’s Abitibi region.
Under the agreement, Agnico is acquiring 53,420,000 units at a price of $1.07 per …",https://biztoc.com/x/9e3e85cee57af413,positive,0.669,1
2026-08-24,Crypto Briefing,Fidelity doubles gold holdings amid Fed policy uncertainty,"Fidelity's increased gold holdings highlight market anxiety over Fed policy, potentially influencing investment strategies and economic stability.
The post Fidelity doubles gold holdings amid Fed policy uncertainty appeared first on Crypto Briefing.","Fidelity doubles gold holdings amid Fed policy uncertainty. Fidelity's increased gold holdings highlight market anxiety over Fed policy, potentially influencing investment strategies and economic stability.
The post Fidelity doubles gold holdings amid Fed policy uncertainty appeared first on Crypto Briefing.",https://cryptobriefing.com/fidelity-doubles-gold-holdings-amid-fed-policy-uncertainty/,neutral,0.8902,0
2026-08-24,Dealnews.com,Lexar Professional GOLD 1TB CFexpress 4.0 Type A Memory Card for $480 in cart + free shipping,"Today only at B&H Photo Video, the Lexar Professional GOLD 1TB CFexpress 4.0 Type A Memory Card,  model no.  LCAGOLD001T-RNENG, is  priced at $480 in cart. That's $240 off and the lowest price we could find.  This card is rated to record 8K raw video and carr…","Lexar Professional GOLD 1TB CFexpress 4.0 Type A Memory Card for $480 in cart + free shipping. Today only at B&H Photo Video, the Lexar Professional GOLD 1TB CFexpress 4.0 Type A Memory Card,  model no.  LCAGOLD001T-RNENG, is  priced at $480 in cart. That's $240 off and the lowest price we could find.  This card is rated to record 8K raw video and carr…",https://www.dealnews.com/Lexar-Professional-GOLD-1-TB-CFexpress-4-0-Type-A-Memory-Card-for-480-in-cart-free-shipping/22088340.html,neutral,0.589,0
